Date and time[ms]; Stamp; Direction[In, Out, Undefined]; Source; Destination; Message Id; Length; Status for Tx; Data;
22_08_10 20:02:08.718;605;O;1;4;  2A;0;ERR;
22_08_10 20:02:13.428;606;I;2;1;4216;66;;4f1331151e1400000200da003f000000320000000000020003000300030000200000dc1ecd070200bf0ef462120c0e0b617c22193a0ec00ef4624207020024000c1f
22_08_10 20:02:14.635;608;O;1;4;  2B;0;ERR;
22_08_10 20:02:17.473;609;I;4;1;DE22;34;;2c0178ec401fc4096400dc05b80ba00f941104000200e80300000000000001003503
22_08_10 20:02:18.370;611;O;1;4;  2A;0;ERR;
22_08_10 20:02:21.221;612;I;4;1;DE21;46;;97146115f61300000100b700280000003700000000001901320138015e0100200000f81ed8070200b100975a120c
22_08_10 20:02:21.584;614;O;1;2;421D;0;ERR;
22_08_10 20:02:27.407;616;O;1;2;421F;1;ERR;0e
22_08_10 20:02:30.853;618;O;1;2;421F;1;ERR;0e
22_08_10 20:02:34.097;620;O;1;2;421F;1;ERR;0e
22_08_10 20:03:06.150;0;O;1;2;4213;4;ERR;fa0ef462
22_08_10 20:03:09.632;622;O;1;2;4213;4;ERR;fd0ef462
22_08_10 20:03:11.290;625;I;2;1; 118;2;;1342
22_08_10 20:03:13.289;0;O;1;2;  31;110;ERR;09000b0ff46231000100040000000d0ff4622a000100040000000f0ff4623400010004000000110ff4622a00010004000000130ff4622a00010004000000231df4623200010004000000251df4622a000100040000002a1df46235000100040000002c1df4622a00010004000000
22_08_10 20:03:16.186;628;I;2;1; 118;2;;30f0
22_08_10 20:03:25.304;629;I;4;1;DE24;0;;
22_08_10 20:03:28.472;630;I;4;1;DE21;46;;8b15fa145514020001004b02460000001a000000000083ff64ff71ff71ff14200000d01eb80802008e01975a4c0c
22_08_10 20:03:29.302;631;I;4;1;DE24;0;;
22_08_10 20:03:32.500;632;I;4;1;DE21;46;;78152a121715020001003502460000001e000000000083ff64ff71ff71ff3c200000cc1ebd0802009201975a4c0c
22_08_10 20:03:37.804;633;I;4;1;DE21;46;;d6125305a7127101b3046304c20100001e000000000083ff6aff71ff77ff3c2000006c1ec00802009401975a4c0c
22_08_10 20:03:50.595;0;O;1;4;  71;4;ERR;01005802
22_08_10 20:03:52.351;636;I;4;1;DE24;0;;
22_08_10 20:03:53.543;637;I;2;1;4216;66;;50155b1524150200010040024c0000001d0000000000ffffffffffffffff3c200000cc1ec3080200150ff4624c0c0e09ff7e2005ca0e160ff462320802001e00f41e
22_08_10 20:03:53.667;0;O;1;4;  75;4;ERR;01005802
22_08_10 20:03:55.423;640;I;4;1;DE24;0;;
22_08_10 20:03:56.740;0;O;1;19;  9E;1;ERR;01
22_08_10 20:04:00.365;642;O;1;19;  9E;1;ERR;01
22_08_10 20:04:02.089;645;I;19;1; 118;2;;9e00
22_08_10 20:04:03.177;0;O;1;19; A40;0;ERR;
22_08_10 20:04:05.994;647;O;1;19; A40;0;ERR;
22_08_10 20:04:08.791;649;O;1;19; A40;0;ERR;
22_08_10 20:04:11.514;651;O;1;19; A40;0;ERR;
22_08_10 20:04:14.335;653;O;1;19; A40;0;ERR;
22_08_10 20:04:17.252;656;I;9;1; B10;6;;e21bd3bdfd17
22_08_10 20:04:17.259;657;I;9;1; B11;6;;40c25f40fd17
22_08_10 20:04:17.259;658;I;9;1; B12;6;;3ff74d40fd17
22_08_10 20:04:17.259;659;I;9;1; B13;6;;fe4823470101
22_08_10 20:04:17.259;660;I;9;1; B14;6;;7518b8c60101
22_08_10 20:04:17.259;661;I;9;1; B15;6;;bacd40c60101
22_08_10 20:04:18.550;655;O;1;19; A40;0;ERR;
22_08_10 20:04:21.414;664;I;9;1; B10;6;;9a7c063ffd17
22_08_10 20:04:21.420;665;I;9;1; B11;6;;9e675540fd17
22_08_10 20:04:21.420;666;I;9;1; B12;6;;0b214740fd17
22_08_10 20:04:21.420;667;I;9;1; B13;6;;ab0114470101
22_08_10 20:04:21.420;668;I;9;1; B14;6;;018003c70101
22_08_10 20:04:21.420;669;I;9;1; B15;6;;bdda22c50101
22_08_10 20:04:22.379;663;O;1;19; A40;0;ERR;
22_08_10 20:04:26.533;644;O;1;19;  9E;1;ERR;02
22_08_10 20:04:30.966;673;O;1;19;  9E;1;ERR;02
22_08_10 20:04:35.258;675;O;1;19;  9E;1;ERR;02
22_08_10 20:04:38.648;677;O;1;19;  9E;1;ERR;02
22_08_10 20:04:38.686;678;I;19;1; 118;2;;9e00
22_08_10 20:04:40.358;681;I;19;1; 118;2;;9e00
22_08_10 20:04:41.018;671;O;1;19; A40;0;ERR;
22_08_10 20:04:45.599;683;O;1;19; A40;0;ERR;
22_08_10 20:04:46.582;686;I;1;19; A40;0;;
22_08_10 20:04:49.823;686;O;1;19; A40;0;ERR;
22_08_10 20:04:50.824;689;I;1;19; A40;0;;
22_08_10 20:04:54.370;689;O;1;19; A40;0;ERR;
22_08_10 20:04:55.343;692;I;1;19; A40;0;;
22_08_10 20:04:58.753;692;O;1;19; A40;0;ERR;
22_08_10 20:04:59.705;695;I;1;19; A40;0;;
22_08_10 20:05:03.170;695;O;1;19; A40;0;ERR;
22_08_10 20:05:04.150;698;I;1;19; A40;0;;
22_08_10 20:05:06.119;699;I;9;1; B13;6;;19710047fe03
22_08_10 20:05:06.131;700;I;9;1; B14;6;;54eaed46fe03
22_08_10 20:05:06.131;701;I;9;1; B15;6;;9db9b1450303
22_08_10 20:05:07.466;698;O;1;19; A40;0;ERR;
22_08_10 20:05:09.739;703;O;1;19; A40;0;ERR;
22_08_10 20:05:12.694;706;I;9;1; B13;6;;f7272647fd44
22_08_10 20:05:12.706;707;I;9;1; B14;6;;beb69246fd44
22_08_10 20:05:12.706;708;I;9;1; B15;6;;e14b85c60344
22_08_10 20:05:13.772;705;O;1;19; A40;0;ERR;
22_08_10 20:05:16.625;711;I;9;1; B13;6;;22a42047fd6c
22_08_10 20:05:16.748;712;I;9;1; B14;6;;5b6cfa45fd6c
22_08_10 20:05:16.748;713;I;9;1; B15;6;;36a6d2c6036c
22_08_10 20:05:19.880;680;O;1;19;  9E;1;ERR;04
22_08_10 20:05:22.824;716;I;19;1; 118;2;;9e00
22_08_10 20:05:22.836;717;I;9;1; B13;6;;42b4b9460101
22_08_10 20:05:22.836;718;I;9;1; B14;6;;775a86c40101
22_08_10 20:05:22.836;719;I;9;1; B15;6;;30540dc70101
22_08_10 20:05:24.519;710;O;1;19; A40;0;ERR;
22_08_10 20:05:27.451;722;I;9;1; B13;6;;3def41460101
22_08_10 20:05:27.464;723;I;9;1; B14;6;;61e41ac50101
22_08_10 20:05:27.464;724;I;9;1; B15;6;;fce81ec70101
22_08_10 20:05:28.619;721;O;1;19; A40;0;ERR;
22_08_10 20:05:31.637;727;I;9;1; B13;6;;35c129450101
22_08_10 20:05:31.649;728;I;9;1; B14;6;;31d6c1440101
22_08_10 20:05:31.649;729;I;9;1; B15;6;;a54121c70101
22_08_10 20:05:33.585;0;O;1;19; A41;0;ERR;
22_08_10 20:05:36.492;732;I;19;1;  90;9;;5f00000000000000b0
22_08_10 20:05:36.505;733;I;19;1;  80;5;;1000000002
22_08_10 20:05:36.505;734;I;19;1;  81;5;;0000000002
22_08_10 20:05:36.506;735;I;19;1;  82;5;;0000000002
22_08_10 20:05:36.506;736;I;19;1;  83;5;;0000000002
22_08_10 20:05:36.506;737;I;19;1;  84;5;;0000000002
22_08_10 20:05:36.506;738;I;19;1;  85;5;;0000000002
22_08_10 20:05:36.506;739;I;6;1;   F;5;;0000000002
22_08_10 20:05:36.506;740;I;6;1;  10;5;;0000000002
22_08_10 20:05:36.506;741;I;6;1;  11;5;;0000000002
22_08_10 20:05:38.021;731;O;1;19; A41;0;ERR;
22_08_10 20:05:38.363;744;I;2;1;4216;66;;ac04ce018b0470045501450465fc0a00bb02000000000000ffff000000003c300400101e3b0902008d0ff4624c0c130c667f2004ca0e8e0ff462aa0802002a00941e
22_08_10 20:05:40.947;745;I;19;1;  90;9;;6400000000000000b0
22_08_10 20:05:40.947;746;I;19;1;  80;5;;1300000002
22_08_10 20:05:40.947;747;I;19;1;  81;5;;0000000002
22_08_10 20:05:40.947;748;I;19;1;  82;5;;0000000002
22_08_10 20:05:40.947;749;I;19;1;  83;5;;0000000002
22_08_10 20:05:40.947;750;I;19;1;  84;5;;0000000002
22_08_10 20:05:40.947;751;I;19;1;  85;5;;0000000002
22_08_10 20:05:40.947;752;I;6;1;   F;5;;0000000002
22_08_10 20:05:40.947;753;I;6;1;  10;5;;0000000002
22_08_10 20:05:40.947;754;I;6;1;  11;5;;0000000002
22_08_10 20:05:42.183;743;O;1;19; A41;0;ERR;
22_08_10 20:05:48.314;756;O;1;19; A41;0;ERR;
22_08_10 20:05:51.270;759;I;19;1;  90;9;;6e00000000000000b0
22_08_10 20:05:51.284;760;I;19;1;  80;5;;1300000002
22_08_10 20:05:51.284;761;I;19;1;  81;5;;0000000002
22_08_10 20:05:51.284;762;I;19;1;  82;5;;0000000002
22_08_10 20:05:51.284;763;I;19;1;  83;5;;0000000002
22_08_10 20:05:51.284;764;I;19;1;  84;5;;0000000002
22_08_10 20:05:51.284;765;I;19;1;  85;5;;0000000002
22_08_10 20:05:51.284;766;I;6;1;   F;5;;0000000002
22_08_10 20:05:51.284;767;I;6;1;  10;5;;0000000002
22_08_10 20:05:51.284;768;I;6;1;  11;5;;0000000002
22_08_10 20:05:53.292;0;O;1;4;  41;0;ERR;
22_08_10 20:05:57.424;770;O;1;4;  41;0;ERR;
22_08_10 20:05:59.156;773;I;4;1;DE24;0;;
22_08_10 20:06:00.640;0;O;1;4;  6F;0;ERR;
22_08_10 20:06:02.321;776;I;4;1;DE24;0;;
22_08_10 20:06:03.805;0;O;1;2;4212;4;ERR;00000000
22_08_10 20:06:05.553;779;I;2;1; 118;2;;1242
22_08_10 20:06:07.524;627;O;1;4;  31;0;ERR;
22_08_10 20:06:10.673;781;O;1;4;  31;0;ERR;
22_08_10 20:06:12.413;784;I;4;1;DE24;0;;
22_08_10 20:06:13.231;0;O;1;4;  34;0;ERR;
22_08_10 20:06:14.991;787;I;4;1;DE24;0;;
22_08_10 20:06:16.385;611;O;1;4;  2A;0;ERR;
22_08_10 20:06:19.976;789;O;1;4;  2A;0;ERR;
22_08_10 20:06:22.918;792;I;4;1;DE21;46;;7700b801a20130003d01270107ff00003400000000004400b5ffb5ff57003c200400881e6a0902003b02975a4c0c
22_08_10 21:37:54.962;0;O;1;2;FFE0;0;ERR;
22_08_10 21:37:57.221;0;O;1;2;FFE0;0;ERR;
22_08_10 21:39:54.549;791;O;1;4;  2A;0;ERR;
22_08_10 21:39:57.478;982;I;4;1;DE21;46;;8703e80491062303a6040000d2ff00002f0000000000890164017001890130200000b81e5c1f0200fa17975a4c0c
22_08_10 21:40:24.173;0;O;1;2;  40;111;ERR;0800d525f4624000010004000000d625f462750001000400040001003601dc25f4629e0001001900010003dd25f462630a0100190002006400de25f4620ff00100190006002c0119000500df25f462a800010019000000e125f462400a010019000000e325f462400a010019000000
22_08_10 21:40:27.123;985;I;2;1; 118;2;;30f0
22_08_10 21:40:28.298;986;I;2;1;4216;66;;2f0280033b05ac0125030302e7ff00001f0000000000030003000300040030200000bc1e6c1f0200b925f4624c0c0d0bff7d2003ca0eba25f462d01e02001e00dc1e
22_08_10 21:40:39.285;987;I;4;1;DE24;0;;
22_08_10 21:40:40.285;988;I;4;1;DE24;0;;
22_08_10 21:40:43.672;989;I;2;1;4216;66;;6a00bb00140326006300a002e3ff05001c0000000000040003000300040030300400b81e8a1f0200d725f4624c0c0d0bff812004ca0ed825f462ee1e02001e00d41e
22_08_10 21:40:46.300;990;I;19;1; 118;2;;9e00
22_08_10 21:40:47.284;991;I;19;1; 118;2;;630a
22_08_10 21:40:48.283;992;I;19;1; 118;2;;0ff0
22_08_10 21:40:49.284;993;I;19;1; 118;2;;a800
22_08_10 21:40:52.466;994;I;9;1; B10;6;;20d56ac0fe42
22_08_10 21:40:52.466;995;I;9;1; B11;6;;2ed583bffe42
22_08_10 21:40:52.466;996;I;9;1; B12;6;;03c75040fe42
22_08_10 21:40:52.466;997;I;9;1; B13;6;;3b559a46fe42
22_08_10 21:40:52.466;998;I;9;1; B14;6;;409792c6fe42
22_08_10 21:40:52.466;999;I;9;1; B15;6;;8cef0cc70442
22_08_10 21:40:52.466;1000;I;9;1; B13;6;;c65946460101
22_08_10 21:40:52.466;1001;I;9;1; B14;6;;438b82c60101
22_08_10 21:40:52.466;1002;I;9;1; B15;6;;72940bc70101
22_08_10 21:40:52.466;1003;I;6;1;   F;5;;0000010172
22_08_10 21:40:52.466;1004;I;6;1;  10;5;;0000010172
22_08_10 21:40:52.466;1005;I;6;1;  11;5;;0000010172
22_08_10 21:40:54.431;1006;I;9;1; B10;6;;027c71c0ff56
22_08_10 21:40:54.431;1007;I;9;1; B11;6;;49f633bfff56
22_08_10 21:40:54.431;1008;I;9;1; B12;6;;d70e4f40ff56
22_08_10 21:40:54.431;1009;I;9;1; B13;6;;51db7746ff56
22_08_10 21:40:54.431;1010;I;9;1; B14;6;;369a6cc6ff56
22_08_10 21:40:54.431;1011;I;9;1; B15;6;;b29a13c70456
22_08_10 21:40:54.431;1012;I;9;1; B13;6;;a2c817460101
22_08_10 21:40:54.431;1013;I;9;1; B14;6;;82b049c60101
22_08_10 21:40:54.431;1014;I;9;1; B15;6;;521012c70101
22_08_10 21:40:54.431;1015;I;6;1;   F;5;;0000010152
22_08_10 21:40:54.431;1016;I;6;1;  10;5;;c6ff010152
22_08_10 21:40:54.431;1017;I;6;1;  11;5;;0000010152
22_08_10 21:40:59.604;726;O;1;19; A40;0;ERR;
22_08_10 21:41:04.371;1019;O;1;19; A40;0;ERR;
22_08_10 21:41:07.261;1022;I;9;1; B10;6;;20eb68c0fe56
22_08_10 21:41:07.277;1023;I;9;1; B11;6;;d2a4bf3ffe56
22_08_10 21:41:07.277;1024;I;9;1; B12;6;;03bc5140fe56
22_08_10 21:41:07.277;1025;I;9;1; B13;6;;2a63b646fe56
22_08_10 21:41:07.277;1026;I;9;1; B14;6;;f78d6746fe56
22_08_10 21:41:07.277;1027;I;9;1; B15;6;;8373f0c60456
22_08_10 21:41:07.277;1028;I;9;1; B13;6;;125c81460101
22_08_10 21:41:07.277;1029;I;9;1; B14;6;;054162460101
22_08_10 21:41:07.277;1030;I;9;1; B15;6;;cb3defc60101
22_08_10 21:41:07.277;1031;I;6;1;   F;5;;00000101ca
22_08_10 21:41:07.277;1032;I;6;1;  10;5;;00000101ca
22_08_10 21:41:07.277;1033;I;6;1;  11;5;;00000101ca
22_08_10 21:41:08.085;1021;O;1;19; A40;0;ERR;
22_08_10 21:41:12.318;1035;O;1;19; A40;0;ERR;
22_08_10 21:41:14.628;1037;O;1;19; A40;0;ERR;
22_08_10 21:41:18.399;1039;O;1;19; A40;0;ERR;
22_08_10 21:41:22.732;1041;O;1;19; A40;0;ERR;
22_08_10 21:41:26.478;1043;O;1;19; A40;0;ERR;
22_08_10 21:41:29.370;1046;I;9;1; B10;6;;fb8b2cbffe33
22_08_10 21:41:29.382;1047;I;9;1; B11;6;;085e6540fe33
22_08_10 21:41:29.382;1048;I;9;1; B12;6;;0b124340fe33
22_08_10 21:41:29.382;1049;I;9;1; B13;6;;48af2647fe33
22_08_10 21:41:29.382;1050;I;9;1; B14;6;;f6fe93c6fe33
22_08_10 21:41:29.383;1051;I;9;1; B15;6;;264ca8460433
22_08_10 21:41:29.383;1052;I;9;1; B13;6;;2c0c0b470101
22_08_10 21:41:29.383;1053;I;9;1; B14;6;;6afc8bc60101
22_08_10 21:41:29.383;1054;I;9;1; B15;6;;4328aa460101
22_08_10 21:41:29.383;1055;I;6;1;   F;5;;0000010142
22_08_10 21:41:29.383;1056;I;6;1;  10;5;;b300010142
22_08_10 21:41:29.383;1057;I;6;1;  11;5;;b9ff010142
22_08_10 21:41:30.799;1045;O;1;19; A40;0;ERR;
22_08_10 21:41:33.693;1060;I;9;1; B10;6;;e3e693bbff5e
22_08_10 21:41:33.700;1061;I;9;1; B11;6;;37fb6240ff5e
22_08_10 21:41:33.700;1062;I;9;1; B12;6;;6e083640ff5e
22_08_10 21:41:33.700;1063;I;9;1; B13;6;;a881f546ff5e
22_08_10 21:41:33.700;1064;I;9;1; B14;6;;e95ccbc6ff5e
22_08_10 21:41:33.700;1065;I;9;1; B15;6;;73f0f146045e
22_08_10 21:41:33.700;1066;I;9;1; B13;6;;2b8fc3460101
22_08_10 21:41:33.700;1067;I;9;1; B14;6;;6f46c1c60101
22_08_10 21:41:33.700;1068;I;9;1; B15;6;;0d12ee460101
22_08_10 21:41:33.700;1069;I;6;1;   F;5;;000001010e
22_08_10 21:41:33.700;1070;I;6;1;  10;5;;000001010e
22_08_10 21:41:33.700;1071;I;6;1;  11;5;;b9ff01010e
22_08_10 21:41:34.510;1059;O;1;19; A40;0;ERR;
22_08_10 21:41:37.385;1074;I;9;1; B10;6;;dc91013fff03
22_08_10 21:41:37.398;1075;I;9;1; B11;6;;c9f05a40ff03
22_08_10 21:41:37.398;1076;I;9;1; B12;6;;d3423340ff03
22_08_10 21:41:37.398;1077;I;9;1; B13;6;;37919a46ff03
22_08_10 21:41:37.398;1078;I;9;1; B14;6;;1eaed8c6ff03
22_08_10 21:41:37.398;1079;I;9;1; B15;6;;2f320e470403
22_08_10 21:41:37.398;1080;I;9;1; B13;6;;c08f57460101
22_08_10 21:41:37.398;1081;I;9;1; B14;6;;d356d0c60101
22_08_10 21:41:37.398;1082;I;9;1; B15;6;;439b0c470101
22_08_10 21:41:37.398;1083;I;6;1;   F;5;;0800010142
22_08_10 21:41:37.399;1084;I;6;1;  10;5;;0000010142
22_08_10 21:41:37.399;1085;I;6;1;  11;5;;0000010142
22_08_10 21:41:38.114;1073;O;1;19; A40;0;ERR;
22_08_10 21:41:42.593;1087;O;1;19; A40;0;ERR;
22_08_10 21:41:44.628;1089;O;1;19; A40;0;ERR;
22_08_10 21:41:48.366;1091;O;1;19; A40;0;ERR;
22_08_10 21:41:51.268;1094;I;9;1; B10;6;;bf5f0340ff0e
22_08_10 21:41:51.280;1095;I;9;1; B11;6;;2c821540ff0e
22_08_10 21:41:51.280;1096;I;9;1; B12;6;;de762240ff0e
22_08_10 21:41:51.280;1097;I;9;1; B13;6;;7ce578c6ff0e
22_08_10 21:41:51.280;1098;I;9;1; B14;6;;542a20c5ff0e
22_08_10 21:41:51.280;1099;I;9;1; B15;6;;06de1247040e
22_08_10 21:41:51.280;1100;I;9;1; B13;6;;a800a1c60101
22_08_10 21:41:51.280;1101;I;9;1; B14;6;;fe5d28c50101
22_08_10 21:41:51.281;1102;I;9;1; B15;6;;bf5512470101
22_08_10 21:41:51.281;1103;I;6;1;   F;5;;00000101be
22_08_10 21:41:51.281;1104;I;6;1;  10;5;;00000101be
22_08_10 21:41:51.281;1105;I;6;1;  11;5;;00000101be
22_08_10 21:41:52.104;1093;O;1;19; A40;0;ERR;
22_08_10 21:41:54.994;1108;I;9;1; B10;6;;457f1240fe33
22_08_10 21:41:55.006;1109;I;9;1; B11;6;;eb89f43ffe33
22_08_10 21:41:55.006;1110;I;9;1; B12;6;;77561e40fe33
22_08_10 21:41:55.006;1111;I;9;1; B13;6;;34528ec6fe33
22_08_10 21:41:55.006;1112;I;9;1; B14;6;;69380b46fe33
22_08_10 21:41:55.006;1113;I;9;1; B15;6;;c73d01470433
22_08_10 21:41:55.007;1114;I;9;1; B13;6;;ca57b4c60101
22_08_10 21:41:55.007;1115;I;9;1; B14;6;;9de5f9450101
22_08_10 21:41:55.007;1116;I;9;1; B15;6;;3f92fe460101
22_08_10 21:41:55.007;1117;I;6;1;   F;5;;000001013e
22_08_10 21:41:55.007;1118;I;6;1;  10;5;;d4ff01013e
22_08_10 21:41:55.007;1119;I;6;1;  11;5;;010001013e
22_08_10 21:42:01.995;1107;O;1;19; A40;0;ERR;
22_08_10 21:42:04.864;1122;I;9;1; B10;6;;efab3140ff15
22_08_10 21:42:04.878;1123;I;9;1; B11;6;;a4aa3e3fff15
22_08_10 21:42:04.878;1124;I;9;1; B12;6;;34140f40ff15
22_08_10 21:42:04.878;1125;I;9;1; B13;6;;38ad0bc6ff15
22_08_10 21:42:04.878;1126;I;9;1; B14;6;;cf1df446ff15
22_08_10 21:42:04.878;1127;I;9;1; B15;6;;283045460415
22_08_10 21:42:04.878;1128;I;9;1; B13;6;;975166c60101
22_08_10 21:42:04.878;1129;I;9;1; B14;6;;2593ea460101
22_08_10 21:42:04.879;1130;I;9;1; B15;6;;e6543f460101
22_08_10 21:42:04.879;1131;I;6;1;   F;5;;00000101e6
22_08_10 21:42:04.879;1132;I;6;1;  10;5;;d1ff0101e6
22_08_10 21:42:04.879;1133;I;6;1;  11;5;;34000101e6
22_08_10 21:42:06.043;1121;O;1;19; A40;0;ERR;
22_08_10 21:42:10.252;1135;O;1;19; A40;0;ERR;
22_08_10 21:42:14.981;1138;I;2;1;4216;66;;0b0033000b0001000d000000aefee6003400000000000400030003000400303004009c1ee41f02003126f4624c0c140e66652002ca0e3226f462481f02003300801e
22_08_10 21:42:16.408;1137;O;1;19; A40;0;ERR;
22_08_10 21:42:19.315;1141;I;9;1; B10;6;;38c92140fe26
22_08_10 21:42:19.328;1142;I;9;1; B11;6;;f2b474bffe26
22_08_10 21:42:19.328;1143;I;9;1; B12;6;;1c6e1440fe26
22_08_10 21:42:19.328;1144;I;9;1; B13;6;;00114946fe26
22_08_10 21:42:19.328;1145;I;9;1; B14;6;;41bcc746fe26
22_08_10 21:42:19.328;1146;I;9;1; B15;6;;7307acc60426
22_08_10 21:42:19.328;1147;I;9;1; B13;6;;3cded3450101
22_08_10 21:42:19.328;1148;I;9;1; B14;6;;c331c3460101
22_08_10 21:42:19.328;1149;I;9;1; B15;6;;958faec60101
22_08_10 21:42:19.328;1150;I;6;1;   F;5;;0000010196
22_08_10 21:42:19.328;1151;I;6;1;  10;5;;0000010196
22_08_10 21:42:19.328;1152;I;6;1;  11;5;;4500010196
22_08_10 21:42:20.520;1140;O;1;19; A40;0;ERR;
22_08_10 21:42:25.416;1154;O;1;19; A40;0;ERR;
22_08_10 21:43:21.435;0;O;1;2;4202;0;ERR;
22_08_10 21:43:21.689;1159;I;1;2;4202;0;;
22_08_10 21:43:26.157;1159;O;1;2;4202;0;ERR;
22_08_10 21:43:26.473;1162;I;1;2;4202;0;;
22_08_10 21:43:27.554;1162;O;1;2;4202;0;ERR;
22_08_10 21:43:27.895;1165;I;1;2;4202;0;;
22_08_10 21:43:33.122;1165;O;1;2;4202;0;ERR;
22_08_10 21:43:33.432;1168;I;1;2;4202;0;;
22_08_10 21:43:51.821;1168;O;1;2;4202;0;ERR;
22_08_10 21:43:55.244;1170;O;1;2;4202;0;ERR;
22_08_10 21:44:00.657;1172;O;1;2;4202;0;ERR;
22_08_10 21:44:05.161;1174;O;1;2;4202;0;ERR;
22_08_10 21:44:08.742;1176;O;1;2;4202;0;ERR;
22_08_10 23:06:23.157;1179;I;F;1;4216;66;;000000000000000000000000000000000000000000000000000000000000000000000000000000000000000000000504019123193b1e8e6c8c3988e0000016002020
22_08_10 23:06:23.175;1180;I;F;1;4217;81;;000000000000000000000000000000000000000000000000000000000000000000000000000000000000000000000000000000000000000000000000000000000000000000000000000000000000000000
22_08_10 23:06:26.002;1181;I;E;1;9C42;84;;6004800d3c3842380000343833380000f9052a00ef39f462030000000000000030c0d027a5f36d3fed82073f6f7cf248a06cf04571675940f623e1c06825f4622b21f409012a8540333639400000000000000000
22_08_10 23:06:26.002;1182;I;E;1;A7B1;48;;0080008000800080bdff30007c00eaffecfff1ffc5ff3200780000806fff23001e01b7ffbbffbbffbcffb6ffb6ffbaff
22_08_10 23:06:26.545;1183;I;E;1;A7B2;80;;008000800080008000800080c80f1440d00fd81fcc1fb81fbc1fb81f0e201a200a000100242a00000080008000800080008000800000880100008c0232003701c700bf00f10032000000000044000000
22_08_10 23:06:26.545;1184;I;E;1;A0B1;24;;cecccc3f9999993f3d0ab7bf000000000000000000000000
22_08_10 23:06:33.835;1185;I;D;1;9C42;84;;6800800e3d3800004338353835380000f9058e00f739f462000000000000000000000000000000000000000000000000000000000000000000000000000000000000000000000000000000000000000000000000
22_08_10 23:06:34.369;1186;I;D;1;A7B1;48;;4b004b0055006400bdff2c007e00e9ffecfff1ffc4ff30007900008074ff1c001e01b5ffbaffb9ffbaffb5ffb5ffb7ff
22_08_10 23:06:34.369;1187;I;D;1;A7B2;80;;7413e01fe40c0a0021002100c80f1040d40fdc1fd01fb81fbc1fc01f11201e20090002002c2a00000300040074000000000000000000770100006e025e003701d000c500f20031000000000072000000
22_08_10 23:06:34.898;1188;I;D;1;A0B1;24;;000000000000000000000000000000000000000000000000
22_08_10 23:07:05.940;1189;I;4;1;A0B1;24;;ae578ac41e85c142f628dcbf33d34ac4cdcc53c3cd4c72c4
22_08_10 23:07:37.711;1190;I;3;1;9C42;84;;6800800e4338000049383b383b380000fe052300373af462000000000000000000000000000000000000000000000000000000000000000000000000000000000000000000000000000000000000000000000000
22_08_10 23:07:38.224;1191;I;3;1;A7B1;48;;000000000000000000000000000000000000000000000000000000000000000000000000000000000000000000000000
22_08_10 23:07:38.224;1192;I;3;1;A7B2;80;;0000000000000000000000000000000000000000000000000000000000000000000000000000000000000000000000000000000000000000000000000000000000000000000000000000000000000000
22_08_10 23:07:38.773;1193;I;3;1;A0B1;24;;000000000000000000000000000000000000000000000000
22_08_10 23:08:38.532;1194;I;3;1;9C42;84;;6800800e493800004f38413841380000fe052300743af462000000000000000000000000000000000000000000000000000000000000000000000000000000000000000000000000000000000000000000000000
22_08_10 23:08:39.078;1195;I;3;1;A7B1;48;;000000000000000000000000000000000000000000000000000000000000000000000000000000000000000000000000
22_08_10 23:08:39.078;1196;I;3;1;A7B2;80;;0000000000000000000000000000000000000000000000000000000000000000000000000000000000000000000000000000000000000000000000000000000000000000000000000000000000000000
22_08_10 23:08:39.606;1197;I;3;1;A0B1;24;;000000000000000000000000000000000000000000000000
22_08_10 23:09:03.832;1198;I;2;1;9C42;17;;a00005000f8d3af4620000000000000000
22_08_10 23:09:06.643;1199;I;4;1;9C42;84;;6004800d4c3852380000443844380000f9057200903af462030000000000000030c0d027164a27be36a2853ebd79f248aa7df0450c8f554085f5b9414829f4620febdf0dc6050c40605cc33f0000000000000000
22_08_10 23:09:07.166;1200;I;4;1;A7B1;48;;5f005a0069006e004d001700930059004b0050003f002600a8004500da00c7ff83002600deffddffe0ffd9ffd7ffd8ff
22_08_10 23:09:07.166;1201;I;4;1;A7B2;80;;0080741ff00c0500040006009c0fb440900f701f6c1f501f581f5c1f871f931f020002007c3e000000800400250001000100010000007201000074028d004201c600c300fb0035000000000065000000
22_08_10 23:09:07.698;1202;I;4;1;A0B1;24;;704db0c471ddab43cecc1cc066e639c4335398c400f084c4
22_08_10 23:09:29.872;1203;I;E;1;9C42;84;;e204800d4e3855380000463845380000f9052a00a83af462030000000000000030c0d027a5f36d3fed82073f6f7cf248a06cf04571675940f623e1c06825f4622b21f409012a8540333639400000000000000000
22_08_10 23:09:30.945;1204;I;E;1;A0B1;24;;cecccc3f9999993f2085ebbe000000000000000000000000
22_08_10 23:09:36.806;1205;I;D;1;9C42;84;;6800800e4f3800005538473847380000f9058e00af3af462000000000000000000000000000000000000000000000000000000000000000000000000000000000000000000000000000000000000000000000000
22_08_10 23:09:37.339;1206;I;D;1;A7B1;48;;500050005a006e000300f0ff4c001700f1fff6fffefff8ff690000800600cdff1e007d00acffa8ffa9ff9dff99ff99ff
22_08_10 23:09:37.340;1207;I;D;1;A7B2;80;;7013cc1fe40c0e002c002a00c80f2840d00fe01fd41fb81fbc1fc01f05201b2003000200f02300000200040073000000000000000000b7010000dd029500ae01e900dd0071012f0000000000a9000000
22_08_10 23:09:37.876;1208;I;D;1;A0B1;24;;000000000000000000000000000000000000000000000000
22_08_10 23:09:39.385;1209;I;3;1;9C42;84;;6800800e4f3800005538473847380000fe052300b13af462000000000000000000000000000000000000000000000000000000000000000000000000000000000000000000000000000000000000000000000000
22_08_10 23:09:39.921;1210;I;3;1;A7B1;48;;000000000000000000000000000000000000000000000000000000000000000000000000000000000000000000000000
22_08_10 23:09:39.921;1211;I;3;1;A7B2;80;;0000000000000000000000000000000000000000000000000000000000000000000000000000000000000000000000000000000000000000000000000000000000000000000000000000000000000000
22_08_10 23:09:40.453;1212;I;3;1;A0B1;24;;000000000000000000000000000000000000000000000000
22_08_10 23:10:03.405;1213;I;2;1;9C42;17;;a00005000fc93af4620000000000000000
22_08_10 23:10:04.105;1214;I;C;1;9C42;17;;a00005000fcb3af4620000000000000000
22_08_10 23:10:07.505;1215;I;4;1;9C42;84;;6004800d5238583800004a384a380000f9057200cd3af462030000000000000030c0d027164a27be36a2853ebd79f248aa7df0450c8f554085f5b9414829f4620febdf0dc6050c40605cc33f0000000000000000
22_08_10 23:10:08.034;1216;I;4;1;A7B1;48;;64005f006e006e003a0026008d0057005000550047001d009b00520032006c0032006b00e1ffdfffe1ffdaffd6ffd4ff
22_08_10 23:10:08.034;1217;I;4;1;A7B2;80;;7c13881ff00c030000000000a00f6440980f741f841f681f641f641f981fa71f05000300f03e000034000500250000000000000000006e000000a400e40242010a010401f300370000000000c5010000
22_08_10 23:10:08.576;1218;I;4;1;A0B1;24;;13f6a6c49bb97b4485ebf1bfcd8c34c466a635c466c61bc4
22_08_10 23:11:03.942;1219;I;2;1;9C42;17;;a00005000f053bf4620000000000000000
22_08_10 23:11:08.392;1220;I;4;1;9C42;84;;6004800d58385f380000503850380000f90572000a3bf462030000000000000030c0d027164a27be36a2853ebd79f248aa7df0450c8f554085f5b9414829f4620febdf0dc6050c40605cc33f0000000000000000
22_08_10 23:11:08.925;1221;I;4;1;A7B1;48;;64005f006e0073002d0030009b005000500055003d00270093005800fdff5100fa001500e1ffdfffe1ffdbffd8ffd7ff
22_08_10 23:11:08.925;1222;I;4;1;A7B2;80;;7c13981fec0c070004000900a80fac40a00f901f901f781f741f741faa1fb71f12000300b43e00003400040026000000010001000000560100003f02ad0145013d013501f10036000000000011010000
22_08_10 23:11:09.468;1223;I;4;1;A0B1;24;;337383c4902299448ec295bfcd2c1dc4cd4c2ac39a9969c4
22_08_10 23:11:41.035;1224;I;3;1;9C42;84;;6800800e5b3800006138533853380000fe0523002b3bf462000000000000000000000000000000000000000000000000000000000000000000000000000000000000000000000000000000000000000000000000
22_08_10 23:11:41.579;1225;I;3;1;A7B1;48;;000000000000000000000000000000000000000000000000000000000000000000000000000000000000000000000000
22_08_10 23:11:41.579;1226;I;3;1;A7B2;80;;0000000000000000000000000000000000000000000000000000000000000000000000000000000000000000000000000000000000000000000000000000000000000000000000000000000000000000
22_08_10 23:11:42.114;1227;I;3;1;A0B1;24;;000000000000000000000000000000000000000000000000
22_08_10 23:12:03.493;1228;I;2;1;9C42;17;;a00005000f413bf4620000000000000000
22_08_10 23:12:09.701;1229;I;4;1;9C42;84;;6004800d5e3865380000563856380000f9057200473bf462030000000000000030c0d027164a27be36a2853ebd79f248aa7df0450c8f554085f5b9414829f4620febdf0dc6050c40605cc33f0000000000000000
22_08_10 23:12:10.239;1230;I;4;1;A7B1;48;;64005f00730073004400210093005300500055003a0029009c004f00bc00eaffba00eaffdeffddffe1ffdaffd9ffd9ff
22_08_10 23:12:10.240;1231;I;4;1;A7B2;80;;00808c1fec0c030004000300a00f5c409c0f801f841f541f681f6c1f981fa81f01000300f83e000000800400250001000100010000004c0000006b00ed024301f300ed00fd00360000000000ca010000
22_08_10 23:12:10.770;1232;I;4;1;A0B1;24;;e13a004301c00844b91ea53fcd4c3f43000040c400b0d3c4
22_08_10 23:13:03.048;1233;I;2;1;9C42;17;;a00005000f7d3bf4620000000000000000
22_08_10 23:13:10.571;1234;I;4;1;9C42;84;;6004800d64386b3800005c385c380000f9057200843bf462030000000000000030c0d027164a27be36a2853ebd79f248aa7df0450c8f554085f5b9414829f4620febdf0dc6050c40605cc33f0000000000000000
22_08_10 23:13:11.108;1235;I;4;1;A7B1;48;;69006400730078004f001a008600690055005a004900200099004f009b00daff41008c00dbffd9ffdbffd2ffcfffcfff
22_08_10 23:13:11.108;1236;I;4;1;A7B2;80;;7c13841fec0c0700050005009c0fb440980f801f7c1f641f681f681f931fa41f03000200803e00003400040025000000000000000000780100007c02d9004301f100eb00fb0034000000000095000000
22_08_10 23:13:11.638;1237;I;4;1;A0B1;24;;d6230b43a4f09ac33d0af73f00206ac4cdcc63c40020a9c4
22_08_10 23:13:35.470;1238;I;10;1;4216;66;;00000000000000000000000000000000000000000000000000000000000000000000000000000000000000000000070501860000f81e622d35612ce200001800dc1f
22_08_10 23:13:35.470;1239;I;10;1;4217;81;;000000000000000000000000000000000000000000000000000000000000000000000000000000000000000000000000000000000000000000000000000000000000000000000000000000000000000000
22_08_10 23:13:36.008;1240;I;E;1;9C42;84;;6004800d67386d3800005f385e380000f9052a009e3bf462030000000000000030c0d0279ab88f3f787a6a3e3570f3483257f045871f5e403ce2a6c0d93af4621fb86f0adbfd204054ec10400000000000000000
22_08_10 23:13:36.021;1241;I;E;1;A7B1;48;;0080008000800080c2ff4d006b00fffff6fffbffc7ff56000000008077ff9300aa00ccffa2ff9fffa0ff93ff8eff8eff
22_08_10 23:13:36.021;1242;I;E;1;A7B2;80;;0080008000800080008000809c0fe014a80f741f701f581f781f781faf1fbd1f02000200841e0000008000800080008000800080000000000000000000003901ab008f00f2002f000000000000000000
22_08_10 23:13:36.564;1243;I;E;1;A0B1;24;;cecccc3f9999993fae47e1be000000000000000000000000
22_08_10 23:13:40.805;1244;I;D;1;9C42;84;;6800800e683800006d385f385f380000f9058e00a33bf462000000000000000000000000000000000000000000000000000000000000000000000000000000000000000000000000000000000000000000000000
22_08_10 23:13:41.332;1245;I;D;1;A7B1;48;;5a005a0069007800c1ff4b006900fefff6fffbffc5ff57000000008075ff84009600cdffa2ff9fff9fff93ff8eff8eff
22_08_10 23:13:41.332;1246;I;D;1;A7B2;80;;74137c1fe40c0e002b002500a00f9007a80f741f701f581f741f701fad1fbc1f02000200d4070000020004007400000000000000000000000000000000003901ab008f00f6002d000000000000000000
22_08_10 23:13:41.876;1247;I;D;1;A0B1;24;;000000000000000000000000000000000000000000000000
22_08_10 23:13:42.682;1248;I;3;1;9C42;84;;6800800e683800006e385f385f380000fe052300a43bf462000000000000000000000000000000000000000000000000000000000000000000000000000000000000000000000000000000000000000000000000
22_08_10 23:13:43.222;1249;I;3;1;A7B1;48;;000000000000000000000000000000000000000000000000000000000000000000000000000000000000000000000000
22_08_10 23:13:43.222;1250;I;3;1;A7B2;80;;0000000000000000000000000000000000000000000000000000000000000000000000000000000000000000000000000000000000000000000000000000000000000000000000000000000000000000
22_08_10 23:13:43.755;1251;I;3;1;A0B1;24;;000000000000000000000000000000000000000000000000
22_08_10 23:14:00.315;1252;I;C;1;9C42;17;;a00005000fb73bf4620000000000000000
22_08_10 23:14:03.607;1253;I;2;1;9C42;17;;a00005000fb93bf4620000000000000000
22_08_10 23:14:11.559;1254;I;4;1;9C42;84;;6004800d6b3871380000623862380000f9057200c13bf462030000000000000030c0d027164a27be36a2853ebd79f248aa7df0450c8f554085f5b9414829f4620febdf0dc6050c40605cc33f0000000000000000
22_08_10 23:14:12.088;1255;I;4;1;A7B1;48;;6900640073007800380012007a005b0055005a00490019008a005e001500e3ff26003800deffddffdeffd6ffd1ffcfff
22_08_10 23:14:12.088;1256;I;4;1;A7B2;80;;8013181fec0c040003000600740f2407700f0c1f141ff81e201f241f2b1f371f010002004c070000340004002500000000000000000000000000000000003d01c200b600f40038000000000000000000
22_08_10 23:14:12.633;1257;I;4;1;A0B1;24;;48e932452adc78435d8f0a41cd2c10c4000068c300805ac4
22_08_10 23:14:23.633;1258;I;F;1;4216;66;;000000000000000000000000000000000000000000000000000000000000000000000000000000000000000000000705018d22193b1e6f6e8c3968e200001600b81f
22_08_10 23:14:23.633;1259;I;F;1;4217;81;;000000000000000000000000000000000000000000000000000000000000000000000000000000000000000000000000000000000000000000000000000000000000000000000000000000000000000000
22_08_10 23:14:25.946;1260;I;5;1;4216;66;;0000000000000000000000000000000000000000000000000000000000000000000000000000000000000000000012114c5d251edb1e0c2f9b3968e200001e004c1f
22_08_10 23:14:42.314;1261;I;D;1;9C42;84;;6800800e6e3800007438653865380000f9058e00e03bf462000000000000000000000000000000000000000000000000000000000000000000000000000000000000000000000000000000000000000000000000
22_08_10 23:14:42.325;1262;I;D;1;A7B1;48;;5a005f0069007800b4ff33005300f6fff6fffbffb6ff4b00640000805cff33001e00c8ffa2ff9fff9fff93ff8eff8eff
22_08_10 23:14:42.325;1263;I;D;1;A7B2;80;;7013701fe40c070022001f009c0f6807a00f681f641f4c1f6c1f6c1fa21faf1f0200010080070000030004007400000000000000000000000000000000003a01ac008f00f50031000000000000000000
22_08_10 23:14:42.866;1264;I;D;1;A0B1;24;;000000000000000000000000000000000000000000000000
22_08_10 23:14:43.528;1265;I;3;1;9C42;84;;6800800e6e3800007438653865380000fe052300e13bf462000000000000000000000000000000000000000000000000000000000000000000000000000000000000000000000000000000000000000000000000
22_08_10 23:14:44.053;1266;I;3;1;A7B1;48;;000000000000000000000000000000000000000000000000000000000000000000000000000000000000000000000000
22_08_10 23:14:44.053;1267;I;3;1;A7B2;80;;0000000000000000000000000000000000000000000000000000000000000000000000000000000000000000000000000000000000000000000000000000000000000000000000000000000000000000
22_08_10 23:14:44.591;1268;I;3;1;A0B1;24;;000000000000000000000000000000000000000000000000
22_08_11 05:13:07.116;1269;I;2;1;9C42;17;;a00005000fe08ff4620000000000000000
22_08_11 05:13:29.148;1270;I;4;1;9C42;84;;6004800dd540dd400000cc40cc400000f9057200f68ff462030000000000000030c0d0278b4588bc6d6972bffd4ff1481f92f0458c7f5540543c8e41336bf462df5d4409fe207b403a9561400000000000000000
22_08_11 05:13:29.679;1271;I;4;1;A7B1;48;;32002d003c004100190017006000540041004100190024005b0062005800000070003e00e9ffeaffe9ffe9ffeaffeaff
22_08_11 05:13:29.679;1272;I;4;1;A7B2;80;;78131420f00c020002000800ec0fc440e40f10200c20f81ff81ffc1f262035200c0002008c3e00003400050025000000000000000000780100007202ce003f01eb00e700f80036000000000091000000
22_08_11 05:13:30.221;1273;I;4;1;A0B1;24;;5c1f46c47a102d45703db2c09a995ec466e660c4cd5cdac4
22_08_11 05:13:37.434;1274;I;D;1;A7B1;48;;2d002d0032004600d2ffcaff1d00f6ffddffe2ffcfffd4ff000000800900b1ffb400d4ffdaffddffdeffe7fff0fff4ff
22_08_11 05:13:37.434;1275;I;D;1;A7B2;80;;6c130020e40c0b002b002500d80f6448e40ff41ff81fd01fe81fe41f3220412009000100484200000300040074000000000000000000230000002900070242017a00740002012f000000000036010000
22_08_11 05:13:38.504;1276;I;3;1;A7B2;80;;0000000000000000000000000000000000000000000000000000000000000000000000000000000000000000000000000000000000000000000000000000000000000000000000000000000000000000
22_08_11 05:13:38.504;1277;I;3;1;A0B1;24;;000000000000000000000000000000000000000000000000
22_08_11 05:13:45.515;1278;I;10;1;4216;66;;00000000000000000000000000000000000000000000000000000000000000000000000000000000000000000000020101890000f81ed78135618c36010018004820
22_08_11 05:13:45.515;1279;I;10;1;4217;81;;000000000000000000000000000000000000000000000000000000000000000000000000000000000000000000000000000000000000000000000000000000000000000000000000000000000000000000
22_08_11 05:13:47.726;1280;I;6;1;4216;66;;00000000000000000000000000000000000000000000000000000000000000000000000000000000000000000000080701960000ae1e88a9c7398c36010017005020
22_08_11 05:13:47.726;1281;I;6;1;4217;81;;000000000000000000000000000000000000000000000000000000000000000000000000000000000000000000000000000000000000000000000000000000000000000000000000000000000000000000
22_08_11 05:14:05.032;1282;I;C;1;9C42;17;;a00005000f1a90f4620000000000000000
22_08_11 05:14:06.673;1283;I;2;1;9C42;17;;a00005000f1c90f4620000000000000000
22_08_11 05:14:30.030;1284;I;4;1;9C42;84;;6004800ddb40e3400000d240d2400000f90572003390f462030000000000000030c0d0278b4588bc6d6972bffd4ff1481f92f0458c7f5540543c8e41336bf462df5d4409fe207b403a9561400000000000000000
22_08_11 05:14:31.098;1285;I;4;1;A0B1;24;;7d845ac4aecf2645285ca7c0cdcce343662650c4cd6c6dc4
22_08_11 05:14:37.938;1286;I;D;1;9C42;84;;6800800edc400000e340d340d3400000f8058e003b90f462000000000000000000000000000000000000000000000000000000000000000000000000000000000000000000000000000000000000000000000000
22_08_11 05:14:39.541;1287;I;3;1;A0B1;24;;000000000000000000000000000000000000000000000000
22_08_11 05:14:47.531;1288;I;5;1;4216;66;;00000000000000000000000000000000000000000000000000000000000000000000000000000000000000000000100d4b59251edb1e82839b39c83601001d007020
22_08_11 05:15:30.899;1289;I;4;1;9C42;84;;6004800de240e9400000d840d8400000f90572007090f462030000000000000030c0d0278b4588bc6d6972bffd4ff1481f92f0458c7f5540543c8e41336bf462df5d4409fe207b403a9561400000000000000000
22_08_11 05:15:31.434;1290;I;4;1;A7B1;48;;3c003700460046002b00270063006300460041001a002e006400640096003d0051009700d8ffd6ffd8ffd6ffd6ffd8ff
22_08_11 05:15:31.434;1291;I;4;1;A7B2;80;;7c13ec1fec0c060004000300d80f9040d40fe41fe41fcc1fe01fe01ffb1f092005000100f84700003400050025000100010001000000af0000001001a7003e0122002400f70036000000000067000000
22_08_11 05:15:31.976;1292;I;4;1;A0B1;24;;007060c48633ff4452b8b6c09ab965c466a6c4c333d344c4
22_08_11 05:15:39.474;1293;I;3;1;9C42;84;;6800800ee2400000e940d940d9400000fe0523007890f462000000000000000000000000000000000000000000000000000000000000000000000000000000000000000000000000000000000000000000000000
22_08_11 05:15:39.474;1294;I;3;1;A7B1;48;;000000000000000000000000000000000000000000000000000000000000000000000000000000000000000000000000
22_08_11 05:15:39.992;1295;I;3;1;A7B2;80;;0000000000000000000000000000000000000000000000000000000000000000000000000000000000000000000000000000000000000000000000000000000000000000000000000000000000000000
22_08_11 05:15:39.992;1296;I;3;1;A0B1;24;;000000000000000000000000000000000000000000000000
22_08_11 05:16:06.778;1297;I;2;1;9C42;17;;a00005000f9490f4620000000000000000
22_08_11 05:16:31.775;1298;I;4;1;9C42;84;;6004800de840ef400000de40de400000f9057200ad90f462030000000000000030c0d0278b4588bc6d6972bffd4ff1481f92f0458c7f5540543c8e41336bf462df5d4409fe207b403a9561400000000000000000
22_08_11 05:16:32.323;1299;I;4;1;A7B1;48;;41003c0046004b0022003c00730060004600460025002f006a0067003c008700b9005b00d5ffd4ffd6ffd1ffcfffd1ff
22_08_11 05:16:32.323;1300;I;4;1;A7B2;80;;7c133020f00c080005000600f40f6c40ec0f2020242010200820102041204f20050003001c3f000034000500250000000000000000004400000068003a033c0115011101fb0039000000000000020000
22_08_11 05:16:32.849;1301;I;4;1;A0B1;24;;e29a6ac434fb9b4415ae9fc06666244333b3a2c49a89aac4
22_08_11 05:16:41.012;1302;I;D;1;A7B1;48;;320032003c004b002a00c1ff23002000ddffe2ff2600c5ff000000807900abff0d009c00beffbdffbdffb9ffb8ffb8ff
22_08_11 05:16:41.012;1303;I;D;1;A7B2;80;;7013dc1fe00c06001e001f00c80f1848c40fd41fd01fb81fd01fcc1f0e201d2002000100784200000300040074000000000000000000580000009100800041011d001300000131000000000056000000
22_08_11 05:16:41.545;1304;I;3;1;A7B1;48;;000000000000000000000000000000000000000000000000000000000000000000000000000000000000000000000000
22_08_11 05:16:41.545;1305;I;3;1;A7B2;80;;0000000000000000000000000000000000000000000000000000000000000000000000000000000000000000000000000000000000000000000000000000000000000000000000000000000000000000
22_08_11 05:16:45.290;1306;I;3;1;A0B1;24;;000000000000000000000000000000000000000000000000
22_08_11 05:16:45.313;1307;I;F;1;4216;66;;000000000000000000000000000000000000000000000000000000000000000000000000000000000000000000000503aa90231a3b1e5cc38c394037010016006020
22_08_11 05:16:45.313;1308;I;F;1;4217;81;;000000000000000000000000000000000000000000000000000000000000000000000000000000000000000000000000000000000000000000000000000000000000000000000000000000000000000000
22_08_11 05:16:47.645;1309;I;5;1;4216;66;;00000000000000000000000000000000000000000000000000000000000000000000000000000000000000000000110e515b251edb1efa839b39403701001d008420
22_08_11 05:17:00.691;1310;I;C;1;9C42;17;;a00005000fcb90f4620000000000000000
22_08_11 05:17:01.194;1311;I;E;1;9C42;84;;6004800deb40f2400000e140e0400000f8052a00cc90f462030000000000000030c0d027ee47943fe3b1993f9c9af348e352f045e0cbbd40418f5a418690f462a8f52e0b621a3840d47d04400000000000000000
22_08_11 05:17:01.723;1312;I;E;1;A7B1;48;;00800080008000802400c0ff1f002a00e2ffe2ff2900c3ff010000803c00adff0000af00c5ffc3ffc4ffbfffbcffbcff
22_08_11 05:17:01.723;1313;I;E;1;A7B2;80;;008000800080008000800080e40f1840f00f14200c20f41ff81ff81f4920572003000200b4480000008000800080008000800080000088010000890212004001b300a70003012e000000000012000000
22_08_11 05:17:02.258;1314;I;E;1;A0B1;24;;cecccc3f9999993f6666e6be000000000000000000000000
22_08_11 05:17:07.330;1315;I;2;1;9C42;17;;a00005000fd090f4620000000000000000
22_08_11 05:17:32.664;1316;I;4;1;9C42;84;;6004800dee40f5400000e440e4400000f9057200ea90f462030000000000000030c0d0278b4588bc6d6972bffd4ff1481f92f0458c7f5540543c8e41336bf462df5d4409fe207b403a9561400000000000000000
22_08_11 05:17:33.186;1317;I;4;1;A7B1;48;;41003c004b00500033002f006700720046004600250038006e006c006e004f003c00b100dbffd9ffdbffd9ffd8ffd8ff
22_08_11 05:17:33.187;1318;I;4;1;A7B2;80;;7c13e01ff00c040005000000d40f4c40d00fd01fd81fc01fd81fdc1ff31f012003000300704800003400050025000100020001000000300000003900d0003f0137003000f4003300000000007f000000
22_08_11 05:17:40.822;1319;I;3;1;9C42;84;;6800800eef400000f540e540e5400000fe052300f290f462000000000000000000000000000000000000000000000000000000000000000000000000000000000000000000000000000000000000000000000000
22_08_11 05:18:06.875;1320;I;2;1;9C42;17;;a00005000f0c91f4620000000000000000
22_08_11 05:18:33.536;1321;I;4;1;9C42;84;;6004800df440fb400000ea40ea400000f90572002791f462030000000000000030c0d0278b4588bc6d6972bffd4ff1481f92f0458c7f5540543c8e41336bf462df5d4409fe207b403a9561400000000000000000
22_08_11 05:18:34.066;1322;I;4;1;A7B1;48;;46004100500055003500340079006a0046004600300035006e0073008c001500ce006100d3ffd1ffd4ffceffcdffcfff
22_08_11 05:18:34.066;1323;I;4;1;A7B2;80;;7c131020f00c000003000300e00fb440e40f08200420ec1ff81ffc1f1e202d2014000100544900003400050025000100010000000000520100002f023f003f017f008000f20035000000000030000000
22_08_11 05:18:34.602;1324;I;4;1;A0B1;24;;2a7c56c4b96e9244c2f598c00040e843cdac17c433e398c4
22_08_11 05:18:41.639;1325;I;3;1;9C42;84;;6800800ef5400000fb40eb40eb400000fe0523002f91f462000000000000000000000000000000000000000000000000000000000000000000000000000000000000000000000000000000000000000000000000
22_08_11 05:18:42.177;1326;I;3;1;A7B1;48;;000000000000000000000000000000000000000000000000000000000000000000000000000000000000000000000000
22_08_11 05:18:42.177;1327;I;3;1;A7B2;80;;0000000000000000000000000000000000000000000000000000000000000000000000000000000000000000000000000000000000000000000000000000000000000000000000000000000000000000
22_08_11 05:18:42.715;1328;I;3;1;A0B1;24;;000000000000000000000000000000000000000000000000
22_08_11 05:18:47.785;1329;I;5;1;4216;66;;00000000000000000000000000000000000000000000000000000000000000000000000000000000000000000000110e4c5d251edb1e72849b39b83701001d007020
22_08_11 05:18:48.299;1330;I;6;1;4216;66;;000000000000000000000000000000000000000000000000000000000000000000000000000000000000000000000909017a0000ae1eb4aac739b837010018007420
22_08_11 05:18:48.299;1331;I;6;1;4217;81;;000000000000000000000000000000000000000000000000000000000000000000000000000000000000000000000000000000000000000000000000000000000000000000000000000000000000000000
22_08_11 06:43:49.968;1156;O;1;19; A40;0;ERR;
22_08_11 06:43:56.714;1333;O;1;19; A40;0;ERR;
22_08_11 06:44:00.809;1335;O;1;19; A40;0;ERR;
22_08_11 06:44:08.024;1337;O;1;19; A40;0;ERR;
22_08_11 06:44:13.260;1339;O;1;19; A40;0;ERR;
22_08_11 06:44:16.240;1342;I;2;1;4216;66;;ed148115b11103007f008f0049000300340000000000f6fff6fff6fff5ff30300000c81ef09e02003ca5f4624c0c00ff6d6b2008ca0e3ca5f462329e02001d00f01e
22_08_11 06:44:19.513;1341;O;1;19; A40;0;ERR;
22_08_11 06:44:21.766;635;O;1;4;  71;4;ERR;01008403
22_08_11 06:44:23.531;1347;I;4;1;DE24;0;;
22_08_11 06:44:24.234;0;O;1;4;  76;4;ERR;01008403
22_08_11 06:44:25.977;1350;I;4;1;DE24;0;;
22_08_11 06:44:28.919;1344;O;1;19; A40;0;ERR;
22_08_11 06:44:36.018;1352;O;1;19; A40;0;ERR;
22_08_11 06:44:39.371;1354;O;1;19; A40;0;ERR;
22_08_11 06:44:42.675;1356;O;1;19; A40;0;ERR;
22_08_11 06:45:16.287;1359;I;2;1;4216;66;;1714c915d014040001000002640083001f0000000000f6fff6fff6fff6ff30300800c41e0e9f02005aa5f4624c0c00ff67752008ca0e5aa5f462509e02001f00f01e
22_08_11 06:45:16.307;1360;I;2;1;4216;66;;c71449124c10a500b500de005d0082001e0000000000f6fff6fff6fff6ff30300800c41e2c9f020078a5f4624c0c00ffff762008ca0e78a5f4626e9e02001f00ec1e
22_08_11 06:45:31.297;1358;O;1;19; A40;0;ERR;
22_08_11 06:45:34.839;1363;I;F;1;FFF1;113;;626173683a2063616e6e6f7420736574207465726d696e616c2070726f636573732067726f75702028333736293a20496e617070726f70726961746520696f63746c20666f72206465766963650a626173683a206e6f206a6f6220636f6e74726f6c20696e2074686973207368656c6c0a
22_08_11 06:45:36.732;1364;I;F;1;FFF1;22;;726f6f7440535843332d323131303a2f726f6f742320
22_08_11 06:45:40.288;1362;O;1;19; A40;0;ERR;
22_08_11 06:45:46.354;1367;I;2;1;4216;66;;c9148e15451503000100ad01460084001e0000000000f6fff6fff6fff6ff30300800c41e4a9f020096a5f4624c0c0200ff742008ca0e96a5f4628c9e02001e00f01e
22_08_11 06:46:00.534;0;O;1;1F;FFE0;0;ERR;
22_08_11 06:46:04.071;1369;O;1;1F;FFE0;0;ERR;
22_08_11 06:46:09.595;1366;O;1;19; A40;0;ERR;
22_08_11 06:46:16.357;1374;I;2;1;4216;66;;78149215aa120300e6001201560085001c0000000000f6fff6fff6fff6ff30300800c41e689f0200b4a5f4624c0c010069752007ca0eb4a5f462aa9e02001e00f01e
22_08_11 06:46:46.219;981;O;1;4;  2A;0;ERR;
22_08_11 06:46:46.405;1377;I;2;1;4216;66;;9b14c411da12cb00a3006e015b00a7001e0000000000f6fff7fff7fff6ff30300800c01e869f0200d2a5f4624c0c0100ff742007ca0ed2a5f462c89e02001e00ec1e
22_08_11 06:46:49.126;1378;I;4;1;DE21;46;;3b144d1314123701e400bb006800bd003000000000000cfc1ffc1ffc06fc30300800c41e8a9f02001297975a4c0c
22_08_11 06:46:51.786;1376;O;1;4;  2A;0;ERR;
22_08_11 06:46:54.730;1381;I;4;1;DE21;46;;2015ce14141202003001480164009e0034000000000012fc1ffc1ffc06fc30300800c01e909f02001897975a4c0c
22_08_11 06:46:55.832;1371;O;1;1F;FFE0;0;ERR;
22_08_11 06:46:58.638;1383;O;1;1F;FFE0;0;ERR;
22_08_11 06:47:12.368;1386;I;F;1;FFF1;8;;746f74616c20300a
22_08_11 06:47:14.220;1387;I;F;1;FFF1;22;;726f6f7440535843332d323131303a2f726f6f742320
22_08_11 06:47:16.420;1388;I;2;1;4216;66;;db100012cd119400f0016f067400bb00a30200000000f7fff7fff7fff6ff30300800941ea69f0200f0a5f4624c0c050061772008ca0ef0a5f462e69e0200bc02a81e
22_08_11 06:47:21.379;1389;I;F;1;FFF1;17;;50686f746f206e756d6265723a2020310a
22_08_11 06:47:23.213;1390;I;F;1;FFF1;21;;63616d657261206e6f7420737570706f727465640a
22_08_11 06:47:25.069;1391;I;F;1;FFF1;178;;636f6e766572742d696d362e7131363a20756e61626c6520746f206f70656e20696d61676520602f686f6d652f75736572312f70686f746f732f312e273a204e6f20737563682066696c65206f72206469726563746f72792040206572726f722f626c6f622e632f4f70656e426c6f622f323730312e0a636f6e766572742d696d362e7131363a206e6f206465636f64652064656c656761746520666f72207468697320696d61676520666f726d61742060
22_08_11 06:47:26.966;1392;I;F;1;FFF1;141;;272040206572726f722f636f6e737469747574652e632f52656164496d6167652f3530342e0a636f6e766572742d696d362e7131363a206e6f20696d6167657320646566696e656420602f686f6d652f75736572312f7468756d62732f312e272040206572726f722f636f6e766572742e632f436f6e76657274496d616765436f6d6d616e642f333235382e0a
22_08_11 06:47:28.819;1393;I;F;1;FFF1;22;;726f6f7440535843332d323131303a2f726f6f742320
22_08_11 06:47:32.528;0;O;1;F;   1;4;ERR;0a000000
22_08_11 06:47:42.865;1396;I;F;1; 118;2;;0100
22_08_11 06:47:46.465;1397;I;2;1;4216;66;;d41414152b1502000100df015b0093001d0000000000f7fff7fff7fff7ff30300800c81ec49f02000ea6f4624c0c0602ff712008ca0e0fa6f462049f02001e00f01e
22_08_11 06:47:54.137;1398;I;F;1;FFF1;11;;746f74616c20343335360a
22_08_11 06:47:55.977;1399;I;F;1;FFF1;50;;2d72772d722d2d722d2d203120726f6f7420726f6f742034343539393535204f63742032382030333a323220312e6a70670a
22_08_11 06:47:57.841;1400;I;F;1;FFF1;22;;726f6f7440535843332d323131303a2f726f6f742320
22_08_11 06:48:00.912;1395;O;1;F;   1;4;ERR;0a000000
22_08_11 06:48:10.236;1403;I;F;1; 118;2;;0100
22_08_11 06:48:13.282;1402;O;1;F;   1;4;ERR;0a000000
22_08_11 06:48:16.477;1406;I;2;1;4216;66;;6115b8147912020013013e016000a0002f0000000000f7fff7fff7fff7ff30300800c81ee29f02002ca6f4624c0c060267752008ca0e2da6f462229f02002100f01e
22_08_11 06:48:46.509;1407;I;2;1;4216;66;;a3138315f91102008f01bb005b00b7001f0000000000f7fff7fff7fff7ff30300800c41e00a002004aa6f4624c0c04026c712008ca0e4ba6f462409f02003200f01e
22_08_11 06:49:08.517;1380;O;1;4;  2A;0;ERR;
22_08_11 06:49:09.490;1410;I;1;4;  2A;0;;
22_08_11 06:49:11.436;1411;I;4;1;DE21;46;;5e14b311ac111201d100d9006000ae002e000000000063fc6afc70fc57fc30300800c01e1aa00200a097975a4c0c
22_08_11 06:49:16.544;1412;I;2;1;4216;66;;ef146f1479110200fb00d901670008011e0000000000f7fff7fff7fff7ff30300800c81e1fa0020068a6f4624c0c050262732008ca0e69a6f4625e9f02001e00f01e
22_08_11 06:49:21.991;775;O;1;4;  6F;0;ERR;
22_08_11 06:49:22.984;1415;I;1;4;  6F;0;;
22_08_11 06:49:42.295;1410;I;1;4;  2A;0;;
22_08_11 06:49:47.121;1418;I;2;1;4216;66;;0a15e3118c0f0200ac000e05ccfef000990200000000f7fff7fff8fff7ff30300800281e3ea0020086a6f4624c0c070265722008ca0e87a6f4627c9f0200b2020c1e
22_08_11 06:50:07.909;0;O;1;4;  4B;0;ERR;
22_08_11 06:50:09.676;1421;I;4;1;DE24;0;;
22_08_11 06:50:11.878;0;O;1;4;  4A;0;ERR;
22_08_11 06:50:13.602;1424;I;4;1;DE24;0;;
22_08_11 06:50:16.601;1425;I;2;1;4216;66;;3014c015aa15020001005f01390070001e0000000000f8fff8fff8fff8ff30300800cc1e5ca00200a4a6f4624c0c070263772008ca0ea5a6f4629a9f02002300901e
22_08_11 06:50:44.798;783;O;1;2;  31;110;ERR;0900cea6f4623100010004000000d0a6f4622a00010004000000d2a6f4623400010004000000d4a6f4622a00010004000000d6a6f4622a0001000400000046bef462320001000400000048bef4622a000100040000004dbef46235000100040000004fbef4622a00010004000000
22_08_11 06:50:51.617;1427;O;1;2;  31;110;ERR;0900d5a6f4623100010004000000d7a6f4622a00010004000000d9a6f4623400010004000000dba6f4622a00010004000000dda6f4622a000100040000004dbef46232000100040000004fbef4622a0001000400000054bef462350001000400000056bef4622a00010004000000
22_08_11 06:50:54.596;1430;I;2;1; 118;2;;30f0
22_08_11 06:51:03.262;1431;I;4;1;DE24;0;;
22_08_11 06:51:06.458;1432;I;4;1;DE21;46;;dc137c150d1302000001da0264009d001e0000000000a8fcaefcaefc9cfc34300800c41e8fa002001298975a4c0c
22_08_11 06:51:07.273;1433;I;4;1;DE24;0;;
22_08_11 06:51:10.443;1434;I;4;1;DE21;46;;85147c15af100200c700bd0371009f001e0000000000a8fcaefcaefc9cfc3c300800c01e94a002001698975a4c0c
22_08_11 06:51:12.469;1435;I;4;1;DE21;46;;981182128f12df002f04da038f029f00200000000000aefcaefcb5fca2fc3c300800741e97a002001898975a4c0c
22_08_11 06:51:16.673;1436;I;2;1;4216;66;;0e155b15ae120200690004047900d6001f0000000000f8fff8fff8fff8ff3c300800c41e9ba00200e0a6f4624c0c0903ff772007ca0ee1a6f462d69f02001f00ec1e
22_08_11 06:51:21.439;1437;I;F;1;FFF1;113;;626173683a2063616e6e6f7420736574207465726d696e616c2070726f636573732067726f75702028333935293a20496e617070726f70726961746520696f63746c20666f72206465766963650a626173683a206e6f206a6f6220636f6e74726f6c20696e2074686973207368656c6c0a
22_08_11 06:51:29.298;1438;I;F;1;FFF1;8;;746f74616c20300a
22_08_11 06:51:30.458;1439;I;F;1;FFF1;22;;726f6f7440535843332d323131303a2f726f6f742320
22_08_11 06:51:32.974;1440;I;F;1;FFF1;89;;2d72772d722d2d722d2d203120726f6f7420726f6f742030204f637420323820203230323120312e6a70670a2d72772d722d2d722d2d203120726f6f7420726f6f742030204f637420323820203230323120322e6a70677e0a
22_08_11 06:51:33.006;1441;I;F;1;FFF1;22;;726f6f7440535843332d323131303a2f726f6f742320
22_08_11 06:51:46.708;1442;I;2;1;4216;66;;d4147315cf13020002000d046c00a500240000000000f8fff8fff8fff8ff3c300800c01eb9a00200fea6f4624c0c0904ff772007ca0effa6f462f49f02001f00f01e
22_08_11 06:51:58.199;1443;I;F;1;FFF1;44;;7461723a2052656d6f76696e67206c656164696e6720602f272066726f6d206d656d626572206e616d65730a
22_08_11 06:52:16.736;1444;I;2;1;4216;66;;d81167127a1162021c01ff002b00e7001d0000000000f9fff8fff8fff9ff3c300800bc1ed8a002001da7f4624c0c0905ff742007ca0e1da7f46212a002001e00f41e
22_08_11 06:52:25.671;1445;I;F;1;FFF1;3;;727a0d
22_08_11 06:52:36.630;1446;I;F;1;FFF1;22;;726f6f7440535843332d323131303a2f726f6f742320
22_08_11 06:53:14.975;0;O;1;1F;4219;2;ERR;c800
22_08_11 06:53:19.032;1448;O;1;1F;4219;2;ERR;c800
22_08_11 06:53:22.712;1450;O;1;1F;4219;2;ERR;c800
22_08_11 06:53:31.665;1452;O;1;2;4219;2;ERR;c800
22_08_11 06:53:33.448;1455;I;2;1; 118;2;;1942
22_08_11 06:53:40.020;1456;I;F;1;FFF1;3;;727a0d
22_08_11 06:53:50.816;1457;I;F;1;FFF1;68;;2a184318441840184018401840dd51a233312e6a70671840323635343920313431333634313335333620313030363434203020312032363534391840186b32f0f4184b11
22_08_11 06:54:14.824;1458;I;F;1;FFF1;178;;2a1843184a1840184018401840bcef18d218ccffd8ffe0184018504a464946184018411841184118404818404818401840ffe164185a45786966184018404d4d18402a18401840184018481840184a1841184018401844184018401840184118401840184cd018411841184018441840184018401841184018401849a01841184f18401842184018401840184c18401840184018c61841185018401842184018401840184a18401840184018d21841185a18
22_08_11 06:54:16.680;1459;I;F;1;FFF1;178;;401845184018401840184118401840184018dc1841185b184018451840184018401841184018401840a4184128184018431840184018401841184018421840184018413218401842186a3adc18d74a1840184018401854184018401840ac18421853184018431840184018401841184018411840184018c769184018441840184018401841184018401840c018401840184318dc5261737062657272795069184052505f696d783231391840184018401840
22_08_11 06:54:27.427;1460;I;F;1;FFF1;178;;1868e718466b18d12a1843184a18c018401840184018c759cb611840184018401854184018401840ac18421853184018431840184018401841184018411840184018c769184018441840184018401841184018401840c018401840184318dc5261737062657272795069184052505f696d783231391840184018401840481840184018401841184018401840481840184018401841323032313a31303a32382030333a32323a303318401840185718c218da
22_08_11 06:54:29.278;1461;I;F;1;FFF1;65;;184018451840184018401841184018401841da18c218dd184018451840184018401841184018401841e218c822184018431840184018401841186b184620625b11
22_08_11 06:54:33.913;1462;I;F;1;FFF1;178;;2a1843184a184018411840184018cb18c55018cd184018431840184018c82718401843184018401840184118407d1840184018d018401840184718401840184018443032323018d01843184018421840184018401854184018401841ea18d01844184018421840184018401854184018401841fe18d11841184018471840184018401844184118421843184018d218411840184a1840184018401841184018401842185218d2184218401845184018401840
22_08_11 06:54:35.790;1463;I;F;1;FFF1;178;;1841184018401842185a18d218431840184a18401840184018411840184018422218d218451840184518401840184018411840184018422a18d21847184018431840184018401841184018421840184018d2184918401843186a18db6029761840184018401841184018401840184018d2184a1840184518401840184018411840184018423218d27c184018471840184018414f1840184018423aa0184018401847184018401840184430313030a0184118
22_08_11 07:05:39.328;1454;O;1;2;4219;2;ERR;c800
22_08_11 08:14:58.990;778;O;1;2;4212;120;ERR;08008dbaf4621242010002000400000000008fbaf46271000100040004000100840391baf46276000100040004000100840393baf462024201000200000096baf4620442010002000400c012000098baf4621142010002000400e00100009abaf46202420100020000009bbaf4621942010002000200a401
22_08_11 08:17:21.850;1466;I;2;1;4216;66;;a214c2155314020002002903ad0000001e00000000000200ffffffff03003c200000bc1ec9b402000ebbf4624c0c0302ff7d2007ca0e0ebbf462feb302001e00f81e
22_08_11 08:17:23.550;1417;O;1;4;  2A;0;ERR;
22_08_11 08:17:25.918;778;O;1;2;4212;120;ERR;080020bbf46212420100020004000000000022bbf46271000100040004000100840324bbf46276000100040004000100840326bbf462024201000200000029bbf4620442010002000400c01200002bbbf4621142010002000400e00100002dbbf46202420100020000002ebbf4621942010002000200a401
22_08_11 08:17:29.822;1470;O;1;2;4212;120;ERR;080024bbf46212420100020004000000000026bbf46271000100040004000100840328bbf4627600010004000400010084032abbf46202420100020000002dbbf4620442010002000400c01200002fbbf4621142010002000400e001000031bbf462024201000200000032bbf4621942010002000200a401
22_08_11 08:17:34.463;1472;O;1;2;4212;120;ERR;080029bbf4621242010002000400000000002bbbf4627100010004000400010084032dbbf4627600010004000400010084032fbbf462024201000200000032bbf4620442010002000400c012000034bbf4621142010002000400e001000036bbf462024201000200000037bbf4621942010002000200a401
22_08_11 08:17:38.448;1474;O;1;2;4212;120;ERR;08002dbbf4621242010002000400000000002fbbf46271000100040004000100840331bbf46276000100040004000100840333bbf462024201000200000036bbf4620442010002000400c012000038bbf4621142010002000400e00100003abbf46202420100020000003bbbf4621942010002000200a401
22_08_11 08:17:43.540;1476;O;1;2;4212;120;ERR;080032bbf46212420100020004000000000034bbf46271000100040004000100840336bbf46276000100040004000100840338bbf46202420100020000003bbbf4620442010002000400c01200003dbbf4621142010002000400e00100003fbbf462024201000200000040bbf4621942010002000200a401
22_08_11 08:17:52.229;624;O;1;2;4213;4;ERR;30bbf462
22_08_11 08:17:53.905;1481;I;2;1; 118;2;;1342
22_08_11 08:17:57.400;1478;O;1;2;4212;120;ERR;080040bbf46212420100020004000000000042bbf46271000100040004000100840344bbf46276000100040004000100840346bbf462024201000200000049bbf4620442010002000400c01200004bbbf4621142010002000400e00100004dbbf46202420100020000004ebbf4621942010002000200a401
22_08_11 08:18:00.422;1484;I;2;1; 118;2;;30f0
22_08_11 08:18:09.914;1485;I;2;1; 118;2;;1242
22_08_11 08:18:11.909;1486;I;4;1;DE24;0;;
22_08_11 08:18:13.922;1487;I;4;1;DE24;0;;
22_08_11 08:18:17.111;1488;I;2;1;4201;75;;7c5634125098fd1960090000f401d00700001e0052533239530000015232414e46000000000200010000b40005000e96000652384a414800000000000000000088130000409c000000e3e3
22_08_11 08:18:59.291;1468;O;1;4;  2A;0;ERR;
22_08_11 08:18:59.751;1491;I;1;4;  2A;0;;
22_08_11 08:19:13.223;1491;O;1;4;  2A;0;ERR;
22_08_11 08:19:14.806;1494;I;4;1;DE21;46;;a214de14281201000100ae05f9009b002e00000000006a017dffa9ffa9013c300800b41e3db502008fac975a4c0c
22_08_11 08:19:15.662;1493;O;1;4;  2A;0;ERR;
22_08_11 08:19:17.257;1497;I;4;1;DE21;46;;8a14be145813040037002d05f300ab002800000000006a017dffa9ffa9013c300800b41e40b5020091ac975a4c0c
22_08_11 08:19:17.873;1496;O;1;4;  2A;0;ERR;
22_08_11 08:19:19.460;1500;I;4;1;DE21;46;;2014ab14a51302009300ff042301a1002e00000000006a017dffa9ffa9013c300800b41e43b5020093ac975a4c0c
22_08_11 08:19:20.162;1499;O;1;4;  2A;0;ERR;
22_08_11 08:19:21.756;1503;I;4;1;DE21;46;;cf13e413d9100300a401d806820197002b0000000000700183ffafffaf013c300800b81e47b5020095ac975a4c0c
22_08_11 08:19:22.736;1504;I;F;1;FFF1;113;;626173683a2063616e6e6f7420736574207465726d696e616c2070726f636573732067726f75702028333936293a20496e617070726f70726961746520696f63746c20666f72206465766963650a626173683a206e6f206a6f6220636f6e74726f6c20696e2074686973207368656c6c0a
22_08_11 08:19:22.842;1502;O;1;4;  2A;0;ERR;
22_08_11 08:19:24.935;1506;O;1;4;  2A;0;ERR;
22_08_11 08:19:26.539;1509;I;4;1;DE21;46;;6014831527130100220087051101a000280000000000700183ffafffaf013c300800b41e4db502009aac975a4c0c
22_08_11 08:20:36.660;0;O;1;F;FFE0;0;ERR;
22_08_11 08:20:44.751;1508;O;1;4;  2A;0;ERR;
22_08_11 08:20:46.333;1514;I;4;1;DE21;46;;20148915651202003b003805e300a0002b0000000000a201b5ffe1ffe1013c300800b81e9db50200e9ac975a4c0c
22_08_11 08:20:51.895;1513;O;1;4;  2A;0;ERR;
22_08_11 08:20:53.482;1517;I;4;1;DE21;46;;c5148c151014020001001905d3009c00310000000000a201b5ffe7ffe1013c300800b41ea5b50200f0ac975a4c0c
22_08_11 08:21:01.090;1516;O;1;4;  2A;0;ERR;
22_08_11 08:21:02.600;1520;I;4;1;DE21;46;;47155514a71202006a00c604e30093002d0000000000a901bcffeeffe7013c300800b81eb0b50200f9ac975a4c0c
22_08_11 08:21:18.127;1519;O;1;4;  2A;0;ERR;
22_08_11 08:21:19.709;1523;I;4;1;DE21;46;;0515a312dc123800f1000b04d6009200320000000000b501c8fffafff4013c300800b81ec2b502000aad975a4c0c
22_08_11 08:21:25.533;1522;O;1;4;  2A;0;ERR;
22_08_11 08:21:27.151;1526;I;4;1;DE21;46;;9d1492143c120100010050062901cd00300000000000bb01cefffafffa013c300800bc1ecab5020012ad975a4c0c
22_08_11 08:21:35.283;1525;O;1;4;  2A;0;ERR;
22_08_11 08:21:36.864;1529;I;4;1;DE21;46;;921477156b13020001003005d600c400280000000000c201d5ff000000023c300800b81ed5b502001bad975a4c0c
22_08_11 08:21:44.070;1511;O;1;F;FFE0;0;ERR;
22_08_11 08:21:45.058;1532;I;F;1;FFE1;3;;028f07
22_08_11 08:21:51.184;1533;I;F;1;FFF1;3;;727a0d
22_08_11 08:22:00.039;1534;I;F;1;FFF1;68;;2a184318441840184018401840dd51a233312e6a70671840323635343920313431333634313335333620313030363434203020312032363534391840186b32f0f4184b11
22_08_11 08:22:02.788;1535;I;F;1;FFF1;178;;2a1843184a1840184018401840bcef18d218ccffd8ffe0184018504a464946184018411841184118404818404818401840ffe164185a45786966184018404d4d18402a18401840184018481840184a1841184018401844184018401840184118401840184cd018411841184018441840184018401841184018401849a01841184f18401842184018401840184c18401840184018c61841185018401842184018401840184a18401840184018d21841185a18
22_08_11 08:22:03.751;1536;I;F;1;FFF1;178;;401845184018401840184118401840184018dc1841185b184018451840184018401841184018401840a4184128184018431840184018401841184018421840184018413218401842186a3adc18d74a1840184018401854184018401840ac18421853184018431840184018401841184018411840184018c769184018441840184018401841184018401840c018401840184318dc5261737062657272795069184052505f696d783231391840184018401840
22_08_11 08:22:35.665;1537;I;1;F;FFF1;21;;2a2a184230393830303030303030373534340d8a11
22_08_11 08:22:36.978;1538;I;F;1;FFF1;178;;2a1843184a18c018401840184018c759cb611840184018401854184018401840ac18421853184018431840184018401841184018411840184018c769184018441840184018401841184018401840c018401840184318dc5261737062657272795069184052505f696d783231391840184018401840481840184018401841184018401840481840184018401841323032313a31303a32382030333a32323a303318401840185718c218da1840184518401840
22_08_11 08:22:44.474;1539;I;F;1;FFF1;57;;18401841184018401841da18c218dd184018451840184018401841184018401841e218c822184018431840184018401841186b184620625b11
22_08_11 08:22:44.495;1540;I;1;F;FFF1;21;;2a2a184230393830303030303030373534340d8a11
22_08_11 08:22:45.300;1541;I;1;F;FFF1;1;;03
22_08_11 08:22:46.269;1542;I;1;F;FFF1;21;;2a2a184230393830303030303030373534340d8a11
22_08_11 08:22:59.398;1543;I;F;1;FFF1;130;;2a1843184a18c018401840184018c759cb611840184018401854184018401840ac18421853184018431840184018401841184018411840184018c769184018441840184018401841184018401840c018401840184318dc5261737062657272795069184052505f696d7832313918401840184018404818401840186b6d506518d111
22_08_11 08:23:02.088;1544;I;F;1;FFF1;178;;2a1843184ac0184018401840ba1841dffa18401841184018401840481840184018401841323032313a31303a32382030333a32323a303318401840185718c218da184018451840184018401841184018401841da18c218dd184018451840184018401841184018401841e218c822184018431840184018401841186aa71853e818d5184018431840184018c82718401843184018401840184118407d1840184018d018401840184718401840184018443032
22_08_11 08:23:10.974;1545;I;F;1;FFF1;156;;1868e718466b18d12a1843184a184018411840184018cb18c55018cd184018431840184018c82718401843184018401840184118407d1840184018d018401840184718401840184018443032323018d01843184018421840184018401854184018401841ea18d01844184018421840184018401854184018401841fe18d118411840184718401840184018441841184218431840186b5518c0c65111
22_08_11 08:23:25.975;1546;I;F;1;FFF1;151;;2a1843184a40184118401840b6dd44185618d218411840184a1840184018401841184018401842185218d21842184018451840184018401841184018401842185a18d218431840184a18401840184018411840184018422218d218451840184518401840184018411840184018422a18d21847184018431840184018401841184018421840184018d2184918401843186b18d4abb64211
22_08_11 08:23:40.766;1547;I;F;1;FFF1;178;;2a1843184a18c0184118401840b0331849601840184018401841184018401840184018d2184a1840184518401840184018411840184018423218d27c184018471840184018414f1840184018423aa0184018401847184018401840184430313030a018411840184318401840184018411840184118401840a0184218401844184018401840184118401840184cd0a01843184018441840184018401841184018401849a0a018451840184418401840184018
22_08_11 08:23:41.760;1548;I;F;1;FFF1;178;;4118401840184318caa418421840184318401840184018411840184018401840a418431840184318401840184018411840184018401840184018401840184018401840f618561840184f4240186a481842d5de184018404e2018401840271850323032313a31303a32382030333a32323a30331840323032313a31303a32382030333a32323a3033184018403cdc461840184f4240184018404e201840184027185018401840184118411840184018406418
22_08_11 08:23:50.571;1549;I;F;1;FFF1;178;;1868e718466b18d12a1843184a1840184218401840d23b185618cf184018404e2018401840271850323032313a31303a32382030333a32323a30331840323032313a31303a32382030333a32323a3033184018403cdc461840184f4240184018404e2018401840271850184018401841184118401840184064184018404e20184018402718501840184076b61840184027185065763d2d31206d6c75783d2d31206578703d36323939382061673d35373520
22_08_11 08:23:50.966;1550;I;F;1;FFF1;18;;666f6375733d323535186b185558dc185011
22_08_11 08:23:53.684;1551;I;F;1;FFF1;178;;2a1843184a18c0184218401840e918cd4f62206761696e5f723d322e303432206761696e5f623d312e34353320677265656e6e6573733d302063636d3d383033302c2d343037382c3135302c2d3736362c363331322c2d313434362c3430382c2d323335362c363035302c302c302c30206d643d302074673d32343720323437206f74683d30203020623d3020663d323437186a18c0185d4e56203234372066693d3020495350204275696c642044617465
22_08_11 08:24:02.469;1552;I;F;1;FFF1;162;;1868e718466b18d12a1843184a1840184318401840e551d418ce203234372066693d3020495350204275696c6420446174653a2053657020323420323031392c2031373a33383a35362056435f4255494c445f49445f56455253494f4e3a20363832306564656565346566333839316239356663303163663032613761626437636135326631372028636c65616e292056435f4255494c445f49186bad18dc65b811
22_08_11 08:24:05.171;1553;I;F;1;FFF1;178;;2a1843184a18c0184318401840dee718cd63445f555345523a20646f6d2056435f4255494c445f49445f4252414e43483a206d617374657220184018401841184018411840184218401840184018445239381840184018401840184018401848184118401840184418401840184018411840184018404018411841184018441840184018401841184018401840301841184318401843184018401840184118401846184018401841185a1840184518401840
22_08_11 08:24:06.157;1554;I;F;1;FFF1;178;;1840184118401840184418421841185b184018451840184018401841184018401844184a184128184018431840184018401841186af718dddeb7184018421840184018421841184018441840184018401841184018401844185218421842184018441840184018401841184018406018401840184018401840184018401840481840184018401841184018401840481840184018401841ffd8ffdb184018c418401842184118421842184218411842184218
22_08_11 08:24:14.975;1555;I;F;1;FFF1;178;;1868e718466b18d12a1843184a1840184418401840604718db18cb184018421840184018421841184018441840184018401841184018401844185218421842184018441840184018401841184018406018401840184018401840184018401840481840184018401841184018401840481840184018401841ffd8ffdb184018c41840184218411842184218421841184218421842184218421842184218421843184518431843184318431843184618441845
22_08_11 08:24:15.952;1556;I;F;1;FFF1;106;;184418451847184618481848184718461847184718481849184c184a18481849184b184918471847184a184e184a184b184c184c184d184d184d1848184a184e184f184e184d184f184c184d184d184c184118421842184218431843184318461843186b184e2a7fab11
22_08_11 08:24:18.671;1557;I;F;1;FFF1;178;;2a1843184a18c01844184018405bf1c26618431846184c184818471848184c184c184c184c184c184c184c184c184c184c184c184c184c184c184c184c184c184c184c184c184c184c184c184c184c184c184c184c184c184c184c184c184c184c184c184c184c184c184c184c184c184c184c184c184c184c184c184c184c184cffc018401851184818403018404018431841221840184218511841184318511841ffc41841a21840184018411845184118
22_08_11 08:24:19.655;1558;I;F;1;FFF1;178;;41184118411841184118401840184018401840184018401840184118421843184418451846184718481849184a184b18501840184218411843184318421844184318451845184418441840184018417d184118421843186a7ee3a1b4184018441851184518522131411846185351611847227118543218c118d1a118482342b1c1185552d1f02433627218c21849184a1856185718581859185a25262728292a3435363738393a434445464748494a535455
22_08_11 08:24:28.467;1559;I;F;1;FFF1;178;;1868e718466b18d12a1843184a1840184518401840572d5918ca184018441851184518522131411846185351611847227118543218c118d1a118482342b1c1185552d1f02433627218c21849184a1856185718581859185a25262728292a3435363738393a434445464748494a535455565758595a636465666768696a737475767778797a18c318c418c518c618c718c818c918ca18d218d318d418d518d618d718d818d918daa2a3a4a5a6a7a8a9aab2b3
22_08_11 08:24:29.454;1560;I;F;1;FFF1;23;;b4b5b6b7b8b9bac2c3c4c5c6c7c8186b18c3cf5c185e11
22_08_11 08:24:32.169;1561;I;F;1;FFF1;178;;2a1843184a18c01845184018406c18db184067c9cad2d3d4d5d6d7d8d9dae1e2e3e4e5e6e7e8e9eaf1f2f3f4f5f6f7f8f9fa184118401843184118411841184118411841184118411841184018401840184018401840184118421843184418451846184718481849184a184b18511840184218411842184418441843184418471845184418441840184118427718401841184218431851184418452131184618524151184761711853223218c11848185442
22_08_11 08:24:33.159;1562;I;F;1;FFF1;178;;18d1a1b1c11849233352f018556272d1184a18562434e125f1185718581859185a26272829186aa87e18d8a22a35363738393a434445464748494a535455565758595a636465666768696a737475767778797a18c218c318c418c518c618c718c818c918ca18d218d318d418d518d618d718d818d918daa2a3a4a5a6a7a8a9aab2b3b4b5b6b7b8b9bac2c3c4c5c6c7c8c9cad2d3d4d5d6d7d8d9dae2e3e4e5e6e7e8e9eaf2f3f4f5f6f7f8f9faffda184018
22_08_11 08:24:41.990;1563;I;F;1;FFF1;178;;1868e718466b18d12a1843184a1840184618401840184e18d3185f18c82a35363738393a434445464748494a535455565758595a636465666768696a737475767778797a18c218c318c418c518c618c718c818c918ca18d218d318d418d518d618d718d818d918daa2a3a4a5a6a7a8a9aab2b3b4b5b6b7b8b9bac2c3c4c5c6c7c8c9cad2d3d4d5d6d7d8d9dae2e3e4e5e6e7e8e9eaf2f3f4f5f6f7f8f9faffda1840184c1843184118401842185118431851
22_08_11 08:24:42.372;1564;I;F;1;FFF1;16;;18403f1840f8dfc3186b427c2f185911
22_08_11 08:24:45.086;1565;I;F;1;FFF1;178;;2a1843184a18c018461840184035254665fac118cb18411858293e18dd476fe95dae18c3e22618cd18d543a81847df35e0ba7df118cc2e1859b91859e0f5ad7b6d5caa184c18defc18d247f857dfc6b518cfbca55ec7e947fc18523fc521ff18406a38a018d250fe7618db305e7a1850e841fd2be96ff82b3f18cbf5ed18da2618dffda339d32f6018d16418cd4e3318c23a18dfa1afcd2ff825cf18ca18dacff6d0f0aa1849582de818de18423d7f74cd18
22_08_11 08:24:46.065;1566;I;F;1;FFF1;169;;6ae518d06ffbcffdf35f7dff1840c1525e5b18dd184fc2d76a72ab24a84e7a6557fc2b18cf1855253ab118d765fe6718d118da353c5427be18dfe67c5dac386118cce4fe18d5a9f018d467c55018cc1840185b18ce3b18dacb18de366058ae73c75f4adaf872be5f18cb2d184e792e38e9595b521852e87adeab65184a5c6718c2d8e4743d79feb5185618d818df312178271843b75f4e6badd474cf302321184d18d1186acf39be65
22_08_11 08:24:56.865;1567;I;F;1;FFF1;178;;1868e718466b18d12a1843184a18c018471840184018424f18c46418de18dfcf185d2b21ad18de29f618c56118c3c9f7ad3a1850b7b1f8f8b76531b4e770c61841ce6956f818cc6118c8185ea4f6cd624b2b6718c3bb1844184ea2ab5c5c1850184fe518dcf6a8e63a18d54d184fa23fe018dedaa118c7f6ccf0184beed8a352d8493fde18cd18c7f51855faedff18401845184b18cbcff833a45ce33e45e27bf5535f18c7dfb266a7f6184fda43c0d741d9
22_08_11 08:24:57.227;1568;I;F;1;FFF1;19;;18447ae5aa18d6cf201859186b2dd74818dc11
22_08_11 08:24:59.950;1569;I;F;1;FFF1;178;;2a1843184a18401848184018401844be18c118c240feb5fba3fb5cc5fda1fb3718d93a18d8185e29184647b8ff1840185a18d93da47362257518497918df1854c56a5d1840185d7b18cad6f0cd18dba6b16ce176ec18d064d618d718c7ec4b2218c2b9fa18caebb418dd2f1842361848184152185b1854d32d33dfbc1847a4adee18d56aeca018c718cc7d4fe35abab718c46262c4461854f71840631859ff1840f5d74bf062d43f18c6ed4ed1c0c74eb5e9
22_08_11 08:25:00.954;1570;I;F;1;FFF1;178;;1857185a746caa186a79b7b5f54c63a771d218d3a96318db18daccfe5baff25b18dcfcbc18ce3b185fc7dea8c84820e018d61843184718cea7b7f2aea356d3d9184b184c1841dc184c185fcc7f18df5ac2bab664761858c9cfa63e18dcd4cae918dd184d69a9a7f06a53184fc5af184ccb18dc1848b56b562464184ff5cbfe1855fd184afc4bb6fb77ecd57318c1e662d9185c7e185835fcf3f8314c3e2ad367185ff2c6ea291849eb18cc3835fd186aae18
22_08_11 08:25:01.349;1571;I;F;1;FFF1;3;;c45167
22_08_11 08:25:10.180;1572;I;F;1;FFF1;178;;1868e718466b18d12a1843184a184018491840184033d44318c3185678393fb4ff1840676118d5c818db4f184c79ff18406334ed78af23185abf184af53e66f0c618ddbb18476f39c71842bbad274a185e527118d318cf4ab9e14d2b184c1846c318c1c577ba5618d45a21f218ce334731b3d0f43f18c036fbbc331850c13b1840af5c18ced0342a4a7b60d7184bfb3f5818d5d3e418cb1859c13c57b4e9b61844c018414ed5cd296ace397c47ffd9184018
22_08_11 08:25:10.589;1573;I;F;1;FFF1;20;;40184018401840184018401840186be3ea75d511
22_08_11 08:25:13.380;1574;I;F;1;FFF1;178;;2a1843184a18c0184918401840184862185a6e184018401840184018401840184018401840184018401840184018401840184018401840184018401840184018401840184018401840184018401840184018401840184018401840184018401840184018401840184018401840184018401840184018401840184018401840184018401840184018401840184018401840184018401840184018401840184018401840184018401840184018401840184018
22_08_11 08:25:14.368;1575;I;F;1;FFF1;178;;40184018401840184018401840184018401840184018401840184018401840184018401840184018401840184018401840184018401840184018401840184018401840184018401840184018401840184018401840184018401840184018401840186ac8201859f11840184018401840184018401840184018401840184018401840184018401840184018401840184018401840184018401840184018401840184018401840184018401840184018401840
22_08_11 08:25:23.170;1576;I;F;1;FFF1;178;;1868e718466b18d12a1843184a1840184a184018406a6a184518c118401840184018401840184018401840184018401840184018401840184018401840184018401840184018401840184018401840184018401840184018401840184018401840184018401840184018401840184018401840184018401840184018401840184018401840184018401840184018401840184018401840184018401840184018401840184018401840184018401840184018
22_08_11 08:25:24.167;1577;I;F;1;FFF1;115;;401840184018401840184018401840184018401840184018401840184018401840184018401840184018401840184018401840184018401840184018401840184018401840184018401840184018401840184018401840184018401840184018401840184018401840186b5e1850185e18c611
22_08_11 08:25:26.878;1578;I;F;1;FFF1;178;;2a1843184a18c0184a1840184051dc5c6c1840184018401840184018401840184018401840184018401840184018401840184018401840184018401840184018401840184018401840184018401840184018401840184018401840184018401840184018401840184018401840184018401840184018401840184018401840184018401840184018401840184018401840184018401840184018401840184018401840184018401840184018401840184018
22_08_11 08:25:27.862;1579;I;F;1;FFF1;178;;4018401840184018401840184018401840184018401840184018401840184018401840184018401840184018401840184018401840184018401840184018401840184018401840184018401840184018401840184018401840184018401840186ac8201859f118401840184018401840184018401840184018401840184018401840184018401840184018401840184018401840184018401840184018401840184018401840184018401840184018401840
22_08_11 08:25:36.685;1580;I;F;1;FFF1;178;;1868e718466b18d12a1843184a1840184b184018405d1840c718c018401840184018401840184018401840184018401840184018401840184018401840184018401840184018401840184018401840184018401840184018401840184018401840184018401840184018401840184018401840184018401840184018401840184018401840184018401840184018401840184018401840184018401840184018401840184018401840184018401840184018
22_08_11 08:25:37.681;1581;I;F;1;FFF1;115;;401840184018401840184018401840184018401840184018401840184018401840184018401840184018401840184018401840184018401840184018401840184018401840184018401840184018401840184018401840184018401840184018401840184018401840186b5e1850185e18c611
22_08_11 08:25:40.372;1582;I;F;1;FFF1;178;;2a1843184a18c0184b1840184066b618de6d18401840184018401840184018401840184018401840184018401840184018401840184018401840184018401840184018401840184018401840184018401840184018401840184018401840184018401840184018401840184018401840184018401840184018401840184018401840184018401840184018401840184018401840184018401840184018401840184018401840184018401840184018401840
22_08_11 08:25:41.359;1583;I;F;1;FFF1;178;;184018401840184018401840184018401840184018401840184018401840184018401840184018401840184018401840184018401840184018401840184018401840184018401840184018401840184018401840184018401840184018401840186ac8201859f1184018401840184018401840184018401840184018401840184018401840184018401840184018401840184018401840184018401840184018401840184018401840184018401840184018
22_08_11 08:25:50.182;1584;I;F;1;FFF1;178;;1868e718466b18d12a1843184a1840184c18401840d8185618c818c5184018401840184018401840184018401840184018401840184018401840184018401840184018401840184018401840184018401840184018401840184018401840184018401840184018401840184018401840184018401840184018401840184018401840184018401840184018401840184018401840184018401840184018401840184018401840184018401840184018401840
22_08_11 08:25:51.153;1585;I;F;1;FFF1;116;;18401840184018401840184018401840184018401840184018401840184018401840184018401840184018401840184018401840184018401840184018401840184018401840184018401840184018401840184018401840184018401840184018401840184018401840186b5e1850185e18c611
22_08_11 08:27:55.909;1586;I;1;F;FFF1;21;;2a2a184230393830306330303030303032350d8a11
22_08_11 08:28:15.732;1528;O;1;4;  2A;0;ERR;
22_08_11 09:54:27.862;1589;I;2;1;4216;66;;e513f115fe14010001001003ae0000001d000000000006000100010007003c200000c01e97cb0200cfd1f4624c0c0605ff722008cb1ed0d1f462a01400001e00f41e
22_08_11 09:54:57.890;1590;I;2;1;4216;66;;9714be1449120100b9028700bc0000001c000000000006000100020007003c200000c01eb5cb0200edd1f4624c0c0605ff812008cb1eeed1f462be1400001e00f41e
22_08_11 09:56:18.665;1591;I;2;1;4216;66;;6c12a31249113002a0018500080100001d000000000006000100020007003c200000c01ed3cb02000bd2f4624c0c0705ff772008cb1e0cd2f462dc1400001e00f41e
22_08_11 09:56:27.988;1592;I;2;1;4216;66;;9914ef154814020001003503ba0000001e000000000006000200020007003c200000c01e0fcc020047d2f4624c0c0706ff802008cb1e48d2f462181500001e00f41e
22_08_11 09:57:58.045;1593;I;2;1;4216;66;;c3141415751201007d02ac00b60000001e000000000007000200020007003c200000c01e2dcc020065d2f4624c0c0706ff7b2008cb1e66d2f462361500001d00f41e
22_08_11 09:57:58.065;1594;I;2;1;4216;66;;f414171047129300b4008202bc0000001e000000000007000200020008003c200000b81e69cc0200a1d2f4624c0c0806ff7f2008cb1ea2d2f462721500001e00f01e
22_08_11 09:58:28.095;1595;I;2;1;4216;66;;bf14d8159714020001001a03ae0000001e000000000007000200020008003c200000c01e87cc0200bfd2f4624c0c0806ff812008cb1ec0d2f462901500001e00f41e
22_08_11 09:58:58.122;1596;I;2;1;4216;66;;2d1441151212010024020801b00000001e000000000007000200030008003c200000c01ea5cc0200ddd2f4624c0c0806ff7c2007cb1eded2f462ae1500001e00f41e
22_08_11 09:59:28.158;1597;I;2;1;4216;66;;36151415ac11010018016d02b70000001e000000000007000200030008003c200000c01ec3cc0200fbd2f4624c0c0807ff812008cb1efcd2f462cc1500001e00f41e
